
--
-- Estructura de tabla para la tabla paises
--

CREATE TABLE paises (
  pais_id int(11) NOT NULL,
  pais varchar(50) NOT NULL,
  
) 

--
-- Volcado de datos para la tabla paises
--

INSERT INTO paises (pais_id, pais, ) VALUES
(1, 'AFGHANISTAN'),
(2, 'ALAND ISLANDS'),
(3, 'ALBANIA'),
(4, 'ALEMANIA'),
(5, 'ALGERIA'),
(6, 'AMERICAN SAMOA'),
(7, 'ANDORRA'),
(8, 'ANGOLA'),
(9, 'ANGUILLA'),
(10, 'ANTARCTICA'),
(11, 'ANTIGUA Y BARBUDA'),
(12, 'ARABIA SAUDITA'),
(13, 'ARGENTINA'),
(14, 'ARMENIA'),
(15, 'ARUBA'),
(16, 'ASIA / REGION PACIFICO'),
(17, 'AUSTRALIA'),
(18, 'AUSTRIA'),
(19, 'AZERBAIJAN'),
(20, 'BAHAMAS'),
(21, 'BAHRAIN'),
(22, 'BANGLADESH'),
(23, 'BARBADOS'),
(24, 'BELARUS'),
(25, 'BELGICA'),
(26, 'BELICE'),
(27, 'BENIN'),
(28, 'BERMUDA'),
(29, 'BHUTAN'),
(30, 'BOLIVIA'),
(31, 'BONAIR'),
(32, 'BOSNIA AND HERZEGOVINA'),
(33, 'BOTSWANA'),
(34, 'BRASIL'),
(35, 'BRITISH INDIAN OCEAN TERRITORY'),
(36, 'BRUNEI DARUSSALAM'),
(37, 'BULGARIA'),
(38, 'BURKINA FASO'),
(39, 'BURUNDI'),
(40, 'CABO VERDE'),
(41, 'CAMBOYA'),
(42, 'CAMERUN'),
(43, 'CANADA'),
(44, 'CHAD'),
(45, 'CHILE'),
(46, 'CHINA'),
(47, 'CHIPRE'),
(48, 'COCOS (KEELING) ISLANDS'),
(49, 'COLOMBIA'),
(50, 'COMOROS'),
(51, 'CONG'),
(52, 'CONGO'),
(53, 'COOK ISLANDS'),
(54, 'COSTA RICA'),
(55, 'COTE D´IVOIRE '),
(56, 'CROACIA'),
(57, 'CUBA'),
(58, 'CURACAO'),
(59, 'DINAMARCA'),
(60, 'DJIBOUTI'),
(61, 'DOMINICA'),
(62, 'ECUADOR'),
(63, 'EGIPTO'),
(64, 'EL SALVADOR'),
(65, 'EMIRATOS ARABES UNIDOS'),
(66, 'ERITREA'),
(67, 'ESLOVAQUIA'),
(68, 'ESLOVENIA'),
(69, 'ESPAÑA'),
(70, 'ESTADOS UNIDOS'),
(71, 'ESTONIA'),
(72, 'ETIOPIA'),
(73, 'FAROE ISLANDS'),
(74, 'FIJI'),
(75, 'FILIPINAS'),
(76, 'FINLANDIA'),
(77, 'FRANCIA'),
(78, 'FRENCH POLYNESIA '),
(79, 'GABON'),
(80, 'GAMBIA'),
(81, 'GANA'),
(82, 'GEORGIA'),
(83, 'GIBRALTAR'),
(84, 'GRANADA'),
(85, 'GRECIA'),
(86, 'GROENLANDIA'),
(87, 'GUADELOUPE'),
(88, 'GUAM'),
(89, 'GUATEMALA'),
(90, 'GUERNSEY'),
(91, 'GUINEA'),
(92, 'GUINEA ECUATORIAL'),
(93, 'GUINEA - BISSAU'),
(94, 'GUYANA'),
(95, 'GUYANA FRANCESA'),
(96, 'HAITI'),
(97, 'HOLANDA PAISES BAJOS '),
(98, 'HOLY SEE (VATICAN CITY STATE) '),
(99, 'HONDURAS'),
(100, 'HUNGRIA'),
(101, 'INDIA'),
(102, 'INDONESIA'),
(103, 'IRA'),
(104, 'IRAQ'),
(105, 'IRLANDA'),
(106, 'ISLANDIA'),
(107, 'ISLAS (MALVINAS)'),
(108, 'ISLAS CAIMAN'),
(109, 'ISLAS DE PASCUA'),
(110, 'ISLAS SALOMON'),
(111, 'ISLE OF MAN'),
(112, 'ISRAEL'),
(113, 'ITALIA'),
(114, 'JAMAICA'),
(115, 'JAPAN'),
(116, 'JERSEY'),
(117, 'JORDAN'),
(118, 'KAZAKHSTAN'),
(119, 'KENYA'),
(120, 'KIRIBATI'),
(121, 'KORE'),
(122, 'KUWAIT'),
(123, 'KYRGYZSTAN'),
(124, 'LAO PEOPLE ´S DEMOCRATIC REPUBLIC'),
(125, 'LATVIA'),
(126, 'LEBANON'),
(127, 'LESOTHO'),
(128, 'LIBERIA'),
(129, 'LIBYA'),
(130, 'LIECHTENSTEIN'),
(131, 'LITHUANIA'),
(132, 'LUXEMBOURG'),
(133, 'MACAU'),
(134, 'MACEDONIA'),
(135, 'MADAGASCAR'),
(136, 'MALASIA'),
(137, 'MALAWI'),
(138, 'MALDIVES'),
(139, 'MALI'),
(140, 'MALTA'),
(141, 'MARRUECOS'),
(142, 'MARSHALL ISLANDS'),
(143, 'MARTINIQUE'),
(144, 'MAURITANIA'),
(145, 'MAURITIUS'),
(146, 'MAYOTTE'),
(147, 'MEXICO'),
(148, 'MICRONESI'),
(149, 'MOLDOV'),
(150, 'MONACO'),
(151, 'MONGOLIA'),
(152, 'MONTENEGRO'),
(153, 'MONTSERRAT'),
(154, 'MOZAMBIQUE'),
(155, 'MYANMAR'),
(156, 'NAMIBIA'),
(157, 'NAURU'),
(158, 'NEPAL'),
(159, 'NICARAGUA'),
(160, 'NIGER'),
(161, 'NIGERIA'),
(162, 'NIUE'),
(163, 'NORFOLK ISLAND'),
(164, 'NORTHERN MARIANA ISLANDS'),
(165, 'NORUEGA'),
(166, 'NUEVA CALEDONIA'),
(167, 'NUEVA ZELANDIA'),
(168, 'OMAN'),
(169, 'PAKISTAN'),
(170, 'PALAU'),
(171, 'PALESTINA'),
(172, 'PANAMA'),
(173, 'PAPUA NEW GUINEA'),
(174, 'PARAGUAY'),
(175, 'PERU'),
(176, 'PITCAIRN ISLANDS'),
(177, 'POLONIA'),
(178, 'PORTUGAL'),
(179, 'PUERTO RICO'),
(180, 'QATAR'),
(181, 'REINO UNIDO'),
(182, 'REPUBLICA CENTRAL DE AFRICA'),
(183, 'REPUBLICA CHECA'),
(184, 'REPUBLICA DOMINICANA'),
(185, 'REUNION'),
(186, 'ROMANIA'),
(187, 'RUANDA'),
(188, 'RUSIA'),
(189, 'SAINT BARTHELEMY'),
(190, 'SAINT HELENA'),
(191, 'SAINT KITTS AND NEVIS'),
(192, 'SAINT PIERRE AND MIQUELON'),
(193, 'SAINT VINCENT AND THE GRENADINES'),
(194, 'SAMOA'),
(195, 'SAN MARINO'),
(196, 'SAN MARTIN'),
(197, 'SANTA LUCIA'),
(198, 'SAO TOME AND PRINCIPE'),
(199, 'SENEGAL'),
(200, 'SERBIA'),
(201, 'SEYCHELLES'),
(202, 'SIERRA LEONE'),
(203, 'SINGAPUR'),
(204, 'SINT MAARTEN (DUTCH PART)'),
(205, 'SIRIA REPUBLICA ARABE'),
(206, 'SOMALIA'),
(207, 'SOUTH GEORGIA AND THE SOUTH SANDWICH ISLANDS'),
(208, 'SRI LANKA'),
(209, 'SUDAFRICA'),
(210, 'SUDAN'),
(211, 'SUDAN DEL SUR'),
(212, 'SUECIA'),
(213, 'SUIZA'),
(214, 'SURINAM'),
(215, 'SVALBARD AND JAN MAYEN'),
(216, 'SWAZILAND'),
(217, 'TAILANDIA'),
(218, 'TAIWAN'),
(219, 'TAJIKISTAN'),
(220, 'TANZANIA'),
(221, 'TIMOR-LESTE'),
(222, 'TOGO'),
(223, 'TOKELAU'),
(224, 'TONGA'),
(225, 'TRINIDAD Y TOBAGO'),
(226, 'TUNISIA'),
(227, 'TURKMENISTAN'),
(228, 'TURKS AND CAICOS ISLANDS'),
(229, 'TURQUIA'),
(230, 'TUVALU'),
(231, 'UCRANIA'),
(232, 'UGANDA'),
(233, 'UNITED STATES MINOR OUTLYING ISLANDS'),
(234, 'URUGUAY'),
(235, 'UZBEKISTAN'),
(236, 'VANUATU'),
(237, 'VENEZUELA'),
(238, 'VIETNAM'),
(239, 'VIRGIN ISLAND'),
(240, 'WALLIS AND FUTUNA'),
(241, 'WESTERN SAHARA'),
(242, 'YEMEN'),
(243, 'ZAMBIA'),
(244, 'ZIMBABWE');


-- --------------------------------------------------------

--
-- Estructura de tabla para la tabla departamento
--

CREATE TABLE departamento (
  departamento_id int(11) NOT NULL,
  codigo_pais varchar(45) NOT NULL,
  nombre varchar(50) NOT NULL,
 
)

--
-- Volcado de datos para la tabla departamento
--

INSERT INTO departamento (departamento_id, codigo_pais, nombre) VALUES
(1, '64', 'AHUACHAPAN'),
(2, '64', 'SANTA ANA'),
(3, '64', 'SONSONATE'),
(4, '64', 'CHALATENANGO'),
(5, '64', 'LA LIBERTAD'),
(6, '64', 'SAN SALVADOR'),
(7, '64', 'CUSCATLAN'),
(8, '64', 'LA PAZ'),
(9, '64', 'CABAÑAS'),
(10, '64', 'SAN VICENTE'),
(11, '64', 'USULUTAN'),
(12, '64', 'SAN MIGUEL'),
(13, '64', 'MORAZAN'),
(14, '64', 'LA UNION');

-- --------------------------------------------------------

--
-- Estructura de tabla para la tabla municipio
--

CREATE TABLE municipio (
  municipio_id int(11) NOT NULL,
  codigo_departamento int(11) NOT NULL,
  nombre varchar(50) NOT NULL,
  
) 

--
-- Volcado de datos para la tabla municipio
--

INSERT INTO municipio (municipio_id, codigo_departamento, nombre) VALUES
(1, 1, 'AHUACHAPAN'),
(2, 1, 'APANECA'),
(3, 1, 'ATIQUIZAYA'),
(4, 1, 'CONCEPCION DE ATACO'),
(5, 1, 'EL REFUGIO'),
(6, 1, 'GUAYMANGO'),
(7, 1, 'JUJUTLA'),
(8, 1, 'SAN FRANCISCO MENENDEZ'),
(9, 1, 'SAN LORENZO'),
(10, 1, 'SAN PEDRO PUXTLA'),
(11, 1, 'TACUBA'),
(12, 1, 'TURIN'),
(13, 2, 'CANDELARIA DE LA FRONTERA'),
(14, 2, 'COATEPEQUE'),
(15, 2, 'CHALCHUAPA'),
(16, 2, 'EL CONGO'),
(17, 2, 'EL PORVENIR'),
(18, 2, 'MASAHUAT'),
(19, 2, 'METAPAN'),
(20, 2, 'SAN ANTONIO PAJONAL'),
(21, 2, 'SAN SEBASTIAN SALITRILLO'),
(22, 2, 'SANTA ANA'),
(23, 2, 'SANTA ROSA GUACHIPILIN'),
(24, 2, 'SANTIAGO DE LA FRONTERA'),
(25, 2, 'TEXISTEPEQUE'),
(26, 3, 'ACAJUTLA'),
(27, 3, 'ARMENIA'),
(28, 3, 'CALUCO'),
(29, 3, 'CUISNAHUAT'),
(30, 3, 'SANTA ISABEL ISHUATAN'),
(31, 3, 'IZALCO'),
(32, 3, 'JUAYUA'),
(33, 3, 'NAHUIZALCO'),
(34, 3, 'NAHULINGO'),
(35, 3, 'SALCOATITAN'),
(36, 3, 'SAN ANTONIO DEL MONTE'),
(37, 3, 'SAN JULIAN'),
(38, 3, 'SANTA CATARINA MASAHUAT'),
(39, 3, 'SANTO DOMINGO DE GUZMAN'),
(40, 3, 'SONSONATE'),
(41, 3, 'SONZACATE'),
(42, 4, 'AGUA CALIENTE'),
(43, 4, 'ARCATAO'),
(44, 4, 'AZACUALPA'),
(45, 4, 'CITALA'),
(46, 4, 'COMALAPA'),
(47, 4, 'CONCEPCION QUEZALTEPEQUE'),
(48, 4, 'CHALATENANGO'),
(49, 4, 'DULCE NOMBRE DE MARIA'),
(50, 4, 'EL CARRIZAL'),
(51, 4, 'EL PARAISO'),
(52, 4, 'LA LAGUNA'),
(53, 4, 'LA PALMA'),
(54, 4, 'LA REINA'),
(55, 4, 'LAS VUELTAS'),
(56, 4, 'NOMBRE DE JESUS'),
(57, 4, 'NUEVA CONCEPCION'),
(58, 4, 'NUEVA TRINIDAD'),
(59, 4, 'OJOS DE AGUA'),
(60, 4, 'POTONICO'),
(61, 4, 'SAN ANTONIO DE LA CRUZ'),
(62, 4, 'SAN ANTONIO LOS RANCHOS'),
(63, 4, 'SAN FERNANDO'),
(64, 4, 'SAN FRANCISCO LEMPA'),
(65, 4, 'SAN FRANCISCO MORAZAN'),
(66, 4, 'SAN IGNACIO'),
(67, 4, 'SAN ISIDRO LABRADOR'),
(68, 4, 'CANCASQUE'),
(69, 4, 'LAS FLORES'),
(70, 4, 'SAN LUIS DEL CARMEN'),
(71, 4, 'SAN MIGUEL DE MERCEDES'),
(72, 4, 'SAN RAFAEL'),
(73, 4, 'SANTA RITA'),
(74, 4, 'TEJUTLA'),
(75, 5, 'ANTIGUO CUSCATLAN'),
(76, 5, 'CIUDAD ARCE'),
(77, 5, 'COLON'),
(78, 5, 'COMASAGUA'),
(79, 5, 'CHILTIUPAN'),
(80, 5, 'HUIZUCAR'),
(81, 5, 'JAYAQUE'),
(82, 5, 'JICALAPA'),
(83, 5, 'LA LIBERTAD'),
(84, 5, 'NUEVO CUSCATLAN'),
(85, 5, 'SANTA TECLA'),
(86, 5, 'QUEZALTEPEQUE'),
(87, 5, 'SACACOYO'),
(88, 5, 'SAN JOSE VILLANUEVA'),
(89, 5, 'SAN JUAN OPICO'),
(90, 5, 'SAN MATIAS'),
(91, 5, 'SAN PABLO TACACHICO'),
(92, 5, 'TAMANIQUE'),
(93, 5, 'TALNIQUE'),
(94, 5, 'TEOTEPEQUE'),
(95, 5, 'TEPECOYO'),
(96, 5, 'ZARAGOZA'),
(97, 6, 'AGUILARES'),
(98, 6, 'APOPA'),
(99, 6, 'AYUTUXTEPEQUE'),
(100, 6, 'CUSCATANCINGO'),
(101, 6, 'EL PAISNAL'),
(102, 6, 'GUAZAPA'),
(103, 6, 'ILOPANGO'),
(104, 6, 'MEJICANOS'),
(105, 6, 'NEJAPA'),
(106, 6, 'PANCHIMALCO'),
(107, 6, 'ROSARIO DE MORA'),
(108, 6, 'SAN MARCOS'),
(109, 6, 'SAN MARTIN'),
(110, 6, 'SAN SALVADOR'),
(111, 6, 'SANTIAGO TEXACUANGOS'),
(112, 6, 'SANTO TOMAS'),
(113, 6, 'SOYAPANGO'),
(114, 6, 'TONACATEPEQUE'),
(115, 6, 'CIUDAD DELGADO'),
(116, 7, 'CANDELARIA'),
(117, 7, 'COJUTEPEQUE'),
(118, 7, 'EL CARMEN'),
(119, 7, 'EL ROSARIO'),
(120, 7, 'MONTE SAN JUAN'),
(121, 7, 'ORATORIO DE CONCEPCION'),
(122, 7, 'SAN BARTOLOME PERULAPIA'),
(123, 7, 'SAN CRISTOBAL'),
(124, 7, 'SAN JOSE GUAYABAL'),
(125, 7, 'SAN PEDRO PERULAPAN'),
(126, 7, 'SAN RAFAEL CEDROS'),
(127, 7, 'SAN RAMON'),
(128, 7, 'SANTA CRUZ ANALQUITO'),
(129, 7, 'SANTA CRUZ MICHAPA'),
(130, 7, 'SUCHITOTO'),
(131, 7, 'TENANCINGO'),
(132, 8, 'CUYULTITAN'),
(133, 8, 'EL ROSARIO'),
(134, 8, 'JERUSALEN'),
(135, 8, 'MERCEDES LA CEIBA'),
(136, 8, 'OLOCUILTA'),
(137, 8, 'PARAISO DE OSORIO'),
(138, 8, 'SAN ANTONIO MASAHUAT'),
(139, 8, 'SAN EMIGDIO'),
(140, 8, 'SAN FRANCISCO CHINAMECA'),
(141, 8, 'SAN JUAN NONUALCO'),
(142, 8, 'SAN JUAN TALPA'),
(143, 8, 'SAN JUAN TEPEZONTES'),
(144, 8, 'SAN LUIS TALPA'),
(145, 8, 'SAN MIGUEL TEPEZONTES'),
(146, 8, 'SAN PEDRO MASAHUAT'),
(147, 8, 'SAN PEDRO NONUALCO'),
(148, 8, 'SAN RAFAEL OBRAJUELO'),
(149, 8, 'SANTA MARIA OSTUMA'),
(150, 8, 'SANTIAGO NONUALCO'),
(151, 8, 'TAPALHUACA'),
(152, 8, 'ZACATECOLUCA'),
(153, 8, 'SAN LUIS LA HERRADURA'),
(154, 9, 'CINQUERA'),
(155, 9, 'GUACOTECTI'),
(156, 9, 'ILOBASCO'),
(157, 9, 'JUTIAPA'),
(158, 9, 'SAN ISIDRO'),
(159, 9, 'SENSUNTEPEQUE'),
(160, 9, 'TEJUTEPEQUE'),
(161, 9, 'VICTORIA'),
(162, 9, 'DOLORES'),
(163, 10, 'APASTEPEQUE'),
(164, 10, 'GUADALUPE'),
(165, 10, 'SAN CAYETANO ISTEPEQUE'),
(166, 10, 'SANTA CLARA'),
(167, 10, 'SANTO DOMINGO'),
(168, 10, 'SAN ESTEBAN CATARINA'),
(169, 10, 'SAN ILDEFONSO'),
(170, 10, 'SAN LORENZO'),
(171, 10, 'SAN SEBASTIAN'),
(172, 10, 'SAN VICENTE'),
(173, 10, 'TECOLUCA'),
(174, 10, 'TEPETITAN'),
(175, 10, 'VERAPAZ'),
(176, 11, 'ALEGRIA'),
(177, 11, 'BERLIN'),
(178, 11, 'CALIFORNIA'),
(179, 11, 'CONCEPCION BATRES'),
(180, 11, 'EL TRIUNFO'),
(181, 11, 'EREGUAYQUIN'),
(182, 11, 'ESTANZUELAS'),
(183, 11, 'JIQUILISCO'),
(184, 11, 'JUCUAPA'),
(185, 11, 'JUCUARAN'),
(186, 11, 'MERCEDES UMAÑA'),
(187, 11, 'NUEVA GRANADA'),
(188, 11, 'OZATLAN'),
(189, 11, 'PUERTO EL TRIUNFO'),
(190, 11, 'SAN AGUSTIN'),
(191, 11, 'SAN BUENA VENTURA'),
(192, 11, 'SAN DIONISIO'),
(193, 11, 'SANTA ELENA'),
(194, 11, 'SAN FRANCISCO JAVIER'),
(195, 11, 'SANTA MARIA'),
(196, 11, 'SANTIAGO DE MARIA'),
(197, 11, 'TECAPAN'),
(198, 11, 'USULUTAN'),
(199, 12, 'CAROLINA'),
(200, 12, 'CIUDAD BARRIOS'),
(201, 12, 'COMACARAN'),
(202, 12, 'CHAPELTIQUE'),
(203, 12, 'CHINAMECA'),
(204, 12, 'CHIRILAGUA'),
(205, 12, 'EL TRANSITO'),
(206, 12, 'LOLOTIQUE'),
(207, 12, 'MONCAGUA'),
(208, 12, 'NUEVA GUADALUPE'),
(209, 12, 'NUEVO EDEN DE SAN JUAN'),
(210, 12, 'QUELEPA'),
(211, 12, 'SAN ANTONIO'),
(212, 12, 'SAN GERARDO'),
(213, 12, 'SAN JORGE'),
(214, 12, 'SAN LUIS DE LA REINA'),
(215, 12, 'SAN MIGUEL'),
(216, 12, 'SAN RAFAEL ORIENTE'),
(217, 12, 'SESORI'),
(218, 12, 'ULUAZAPA'),
(219, 13, 'ARAMBALA'),
(220, 13, 'CACAOPERA'),
(221, 13, 'CORINTO'),
(222, 13, 'CHILANGA'),
(223, 13, 'DELICIAS DE CONCEPCION'),
(224, 13, 'EL DIVISADERO'),
(225, 13, 'EL ROSARIO'),
(226, 13, 'GUALOCOCTI'),
(227, 13, 'GUATAJIAGUA'),
(228, 13, 'JOATECA'),
(229, 13, 'JOCOAITIQUE'),
(230, 13, 'JOCORO'),
(231, 13, 'LOLOTIQUILLO'),
(232, 13, 'MEANGUERA'),
(233, 13, 'OSCICALA'),
(234, 13, 'PERQUIN'),
(235, 13, 'SAN CARLOS'),
(236, 13, 'SAN FERNANDO'),
(237, 13, 'SAN FRANCISCO GOTERA'),
(238, 13, 'SAN ISIDRO'),
(239, 13, 'SAN SIMON'),
(240, 13, 'SENSEMBRA'),
(241, 13, 'SOCIEDAD'),
(242, 13, 'TOROLA'),
(243, 13, 'YAMABAL'),
(244, 13, 'YOLOAIQUIN'),
(245, 14, 'ANAMOROS'),
(246, 14, 'BOLIVAR'),
(247, 14, 'CONCEPCION DE ORIENTE'),
(248, 14, 'CONCHAGUA'),
(249, 14, 'EL CARMEN'),
(250, 14, 'EL SAUCE'),
(251, 14, 'INTIPUCA'),
(252, 14, 'LA UNION'),
(253, 14, 'LISLIQUE'),
(254, 14, 'MEANGUERA DEL GOLFO'),
(255, 14, 'NUEVA ESPARTA'),
(256, 14, 'PASAQUINA'),
(257, 14, 'POLOROS'),
(258, 14, 'SAN ALEJO'),
(259, 14, 'SAN JOSE'),
(260, 14, 'SANTA ROSA DE LIMA'),
(261, 14, 'YAYANTIQUE'),
(262, 14, 'YUCUAIQUIN');


CREATE TABLE cantones (
  canton_id int(11) NOT NULL,
  codigo_municipio int(11) NOT NULL,
  nombre varchar(50) NOT NULL,
  
);



INSERT INTO cantones (canton_id, codigo_municipio, nombre) VALUES
(1, 1, 'CASCO URBANO'),
(2, 1, 'ASHAPUCO'),
(3, 1, 'CUYANAUSUL'),
(4, 1, 'CHANCUYO'),
(5, 1, 'CHIPILAPA'),
(6, 1, 'EL ANONAL'),
(7, 1, 'EL BARRO'),
(8, 1, 'EL JUNQUILLO'),
(9, 1, 'EL ROBLE'),
(10, 1, 'EL TIGRE'),
(11, 1, 'GUAYALTEPEC'),
(12, 1, 'LA COYOTERA'),
(13, 1, 'LA DANTA'),
(14, 1, 'MONTAÑITA'),
(15, 1, 'LAS CHINAMAS'),
(16, 1, 'LOS HUATALES'),
(17, 1, 'LOS MAGUEYES'),
(18, 1, 'LOS TOLES'),
(19, 1, 'LOMA DE LA GLORIA'),
(20, 1, 'LLANO DE LA LAGUNA'),
(21, 1, 'LLANO DE DOÐA MARIA'),
(22, 1, 'NEJAPA'),
(23, 1, 'PALO PIQUE'),
(24, 1, 'RIO FRIO'),
(25, 1, 'SAN LAZARO'),
(26, 1, 'SAN RAMON'),
(27, 1, 'SANTA CRUZ'),
(28, 1, 'SANTA ROSA ACACALCO'),
(29, 1, 'SUNTECUMAT'),
(30, 1, 'TACUBITA'),
(31, 2, 'CASCO URBANO'),
(32, 2, 'PALO VERDE'),
(33, 2, 'EL SAITILLAL'),
(34, 2, 'QUEZALAPA'),
(35, 2, 'SAN RAMON'),
(36, 2, 'TALTAPANCA'),
(37, 2, 'TIZAPA'),
(38, 2, 'TULAPA'),
(39, 3, 'CASCO URBANO'),
(40, 3, 'JOYA DEL PLATANAR'),
(41, 3, 'EL CHAYAL'),
(42, 3, 'EL IZCAQUILIO'),
(43, 3, 'JOYA DEL ZAPOTE'),
(44, 3, 'LA ESPERANZA'),
(45, 3, 'LOMAS DE ALARCON'),
(46, 3, 'PEPENANCE'),
(47, 3, 'RINCON GRANDE'),
(48, 3, 'SALITRERO'),
(49, 3, 'SAN JUAN EL ESPINO'),
(50, 3, 'SANTA RITA'),
(51, 3, 'TAPACUN'),
(52, 3, 'EL TORTUGUERO'),
(53, 3, 'ZUNCA'),
(54, 4, 'CASCO URBANO'),
(55, 4, 'EL ARCO'),
(56, 4, 'EL LIMO'),
(57, 4, 'EL MOLINO'),
(58, 4, 'EL NARANJITO'),
(59, 4, 'EL TRONCONAL'),
(60, 4, 'LA CEIBA'),
(61, 4, 'JOYA DE LOS APANTES'),
(62, 4, 'LOS TABLONES'),
(63, 4, 'SAN JOSE'),
(64, 4, 'SHUCUTITAN'),
(65, 4, 'TEXUXIN CHIRIZO'),
(66, 5, 'CASCO URBANO'),
(67, 5, 'COMAPA'),
(68, 5, 'EL ROSARIO'),
(69, 5, 'SAN ANTONIO'),
(70, 6, 'CASCO URBANO'),
(71, 6, 'CAUTA ABAJO'),
(72, 6, 'CAUTA ARRIBA'),
(73, 6, 'EL CARMEN'),
(74, 6, 'EL ESCALON'),
(75, 6, 'EL ROSARIO'),
(76, 6, 'EL ZARZAL'),
(77, 6, 'IZTAGAPAN'),
(78, 6, 'LA ESPERANZA'),
(79, 6, 'LA PAZ'),
(80, 6, 'LOS PLATANARES'),
(81, 6, 'LOS PUENTECITOS'),
(82, 6, 'MORRO GRANDE'),
(83, 6, 'SAN ANDRES'),
(84, 6, 'SAN MARTIN'),
(85, 7, 'CASCO URBANO'),
(86, 7, 'BARRA DE SANTIAGO'),
(87, 7, 'EL DIAMANTE'),
(88, 7, 'FAYA'),
(89, 7, 'GUAYAPA ABAJO'),
(90, 7, 'GUAYAPA ARRIBA'),
(91, 7, 'LAS MESAS'),
(92, 7, 'LOS AMATES'),
(93, 7, 'ROSARIO ABAJO'),
(94, 7, 'ROSARIO ARRIBA'),
(95, 7, 'SAN ANTONIO'),
(96, 7, 'SAN JOSE EL NARANJO'),
(97, 7, 'TIHUICHA'),
(98, 7, 'ZAPUA'),
(99, 8, 'CASCO URBANO'),
(100, 8, 'CARA SUCIA'),
(101, 8, 'EL COROZO'),
(102, 8, 'EL JOCOTILLO'),
(103, 8, 'EL SACRAMENTO'),
(104, 8, 'EL ZAPOTE'),
(105, 8, 'GARITA PALMERA'),
(106, 8, 'LA CEIBA'),
(107, 8, 'LA HACHADURA'),
(108, 8, 'SAN BENITO'),
(109, 9, 'CASCO URBANO'),
(110, 9, 'EL CONACASTE'),
(111, 9, 'EL JICARAL'),
(112, 9, 'EL PORTILLO'),
(113, 9, 'LA GUASCOTA'),
(114, 9, 'LAS POZAS'),
(115, 9, 'SAN JUAN BUENA VISTA'),
(116, 10, 'CASCO URBANO'),
(117, 10, 'EL CORTEZ'),
(118, 10, 'EL DURAZNO'),
(119, 10, 'GUACHIPILIN'),
(120, 10, 'LA CONCEPCION'),
(121, 10, 'PULULAPA'),
(122, 10, 'TEXISPULCO'),
(123, 11, 'CASCO URBANO'),
(124, 11, 'AGUA FRIA'),
(125, 11, 'EL CHAGUITE'),
(126, 11, 'EL JICARO'),
(127, 11, 'EL NISPERO'),
(128, 11, 'EL RODEO'),
(129, 11, 'EL ROSARIO'),
(130, 11, 'EL SINCUYO'),
(131, 11, 'LOMA LARGA'),
(132, 11, 'LA MONTAÐA'),
(133, 11, 'LA PANDEADURA'),
(134, 11, 'LA PUERTA'),
(135, 11, 'MONTE HERMOSO'),
(136, 11, 'SAN JUAN'),
(137, 11, 'SAN RAFAEL'),
(138, 12, 'CASCO URBANO'),
(139, 12, 'EL JOBO'),
(140, 12, 'EL PARAISO'),
(141, 13, 'CASCO URBANO'),
(142, 13, 'CASAS DE TEJA'),
(143, 13, 'EL JUTE'),
(144, 13, 'ZACAMIL'),
(145, 13, 'LA CRIBA'),
(146, 13, 'LA PARADA'),
(147, 13, 'MONTE VERDE'),
(148, 13, 'PIEDRAS AZULES'),
(149, 13, 'SAN JERONIMO'),
(150, 13, 'SAN VICENTE'),
(151, 13, 'TIERRA BLANCA'),
(152, 14, 'CASCO URBANO'),
(153, 14, 'LA JOYA'),
(154, 14, 'LAS PILETAS'),
(155, 14, 'PALO NEGRO'),
(156, 14, 'EL RESBALADERO'),
(157, 14, 'SAN FELIPE'),
(158, 14, 'SAN JACINTO'),
(159, 14, 'SIETE PRINCIPES'),
(160, 14, 'SOLIMAN'),
(161, 14, 'EL ZACATAL'),
(162, 14, 'SOLIMAR EL POTOSI'),
(163, 14, 'CAÐA BRAVA'),
(164, 14, 'CONACASTE'),
(165, 14, 'CONCEPCION'),
(166, 14, 'EL CERRO'),
(167, 14, 'EL TINTERAL'),
(168, 14, 'EL JOCOTON'),
(169, 14, 'EL JUNQUILLO'),
(170, 15, 'CASCO URBANO'),
(171, 15, 'AYUTEPEQUE'),
(172, 15, 'BUENOS AIRES'),
(173, 15, 'EL DURAZNILLO'),
(174, 15, 'EL ARADO'),
(175, 15, 'EL COCO'),
(176, 15, 'EL CUJE'),
(177, 15, 'EL PASTE'),
(178, 15, 'EL TANQUE'),
(179, 15, 'GALEANO'),
(180, 15, 'GUACHIPILIN'),
(181, 15, 'LA LIBERTAD'),
(182, 15, 'MAGDALENA'),
(183, 15, 'LAS CRUCES'),
(184, 15, 'LAS FLORES'),
(185, 15, 'OJO DE AGUA'),
(186, 15, 'PIEDRA RAJADA'),
(187, 15, 'PORVENIR JOCOTILLO'),
(188, 15, 'SAN JOSE'),
(189, 15, 'SAN SEBASTIAN'),
(190, 15, 'ZACAMIL'),
(191, 16, 'CASCO URBANO'),
(192, 16, 'EL PEZOTE'),
(193, 16, 'EL RODEO'),
(194, 16, 'EL GUINEO'),
(195, 16, 'LOS PINOS'),
(196, 16, 'LA PRESA'),
(197, 16, 'LA LAGUNA'),
(198, 16, 'MONTEBELLO'),
(199, 16, 'SAN JOSE LAS FLORES'),
(200, 17, 'CASCO URBANO'),
(201, 17, 'EL ROSARIO'),
(202, 17, 'SAN JUAN CHIQUITO'),
(203, 17, 'SAN CRISTOBAL'),
(204, 17, 'SANTA ROSA SENCA'),
(205, 18, 'CASCO URBANO'),
(206, 18, 'EL CARMEN'),
(207, 18, 'HONDURITAS'),
(208, 18, 'LA JOYA'),
(209, 18, 'LA RUDA'),
(210, 18, 'SAN SEBASTIAN'),
(211, 19, 'CASCO URBANO'),
(212, 19, 'ALDEA ZAPOTE'),
(213, 19, 'BELEN GUIJAT'),
(214, 19, 'SAN JOSE CAMULIANI'),
(215, 19, 'CAÐAS DULCES'),
(216, 19, 'EL CAPULIN'),
(217, 19, 'EL CARRIZALILLO'),
(218, 19, 'CUYUISCAT'),
(219, 19, 'EL BRUJO'),
(220, 19, 'EL LIMO'),
(221, 19, 'MAL PASO'),
(222, 19, 'EL PANAL'),
(223, 19, 'EL ROSARIO'),
(224, 19, 'EL SHISTE'),
(225, 19, 'LA CEIBITA'),
(226, 19, 'LA ISLA'),
(227, 19, 'LA JOYA'),
(228, 19, 'LAS PAVAS'),
(229, 19, 'LAS PIEDRAS'),
(230, 19, 'MATALAPA'),
(231, 19, 'MONTENEGRO'),
(232, 19, 'SAN ANTONIO LA JUNTA'),
(233, 19, 'SAN ANTONIO MASAHUAT'),
(234, 19, 'SAN JERONIMO'),
(235, 19, 'SAN JOSE INGENIO'),
(236, 19, 'SAN JUAN LAS MINAS'),
(237, 19, 'SAN MIGUEL INGENIO'),
(238, 19, 'SANTA RITA'),
(239, 19, 'TAHUILAPA'),
(240, 19, 'TECOMAPA'),
(241, 20, 'CASCO URBANO'),
(242, 20, 'EL TABLON'),
(243, 20, 'LA PIEDRONA'),
(244, 20, 'EL ANGEL'),
(245, 21, 'CASCO URBANO'),
(246, 21, 'LOS AMATES'),
(247, 21, 'SAN LUIS'),
(248, 21, 'SANTA BARBARA'),
(249, 21, 'SANTA ROSA'),
(250, 22, 'CASCO URBANO'),
(251, 22, 'AYUTA'),
(252, 22, 'CALZONTES ABAJO'),
(253, 22, 'CALZONTES ARRIBA'),
(254, 22, 'CUTUMAY CAMONES'),
(255, 22, 'EL PORTEZUELO'),
(256, 22, 'FLOR AMARILLA ABAJO'),
(257, 22, 'FLOR AMARILLA ARRIBA'),
(258, 22, 'LA EMPALIZADA'),
(259, 22, 'LA MONTAÐITA'),
(260, 22, 'LAS ARADAS'),
(261, 22, 'LOMAS DE SAN MARCELINO'),
(262, 22, 'LOS APOYOS'),
(263, 22, 'MONTE LARGO'),
(264, 22, 'NANCINTEPEQUE'),
(265, 22, 'NATIVIDAD'),
(266, 22, 'OCHUPSE ABAJO'),
(267, 22, 'OCHUPSE ARRIBA'),
(268, 22, 'PALO DE CAMPANA'),
(269, 22, 'PINALITO'),
(270, 22, 'PINALON'),
(271, 22, 'PLANES DE LA LAGUNA'),
(272, 22, 'POTRERILLOS DE LA LAGUNA'),
(273, 22, 'POTRERILLOS DEL MATAZANO'),
(274, 22, 'POTRERO GRANDE ABAJO'),
(275, 22, 'POTRERO GRANDE ARRIBA'),
(276, 22, 'PRIMAVERA'),
(277, 22, 'RANCHADOR'),
(278, 22, 'SAN JUAN BUENA VISTA'),
(279, 22, 'VALLE DEL MATAZANO'),
(280, 22, 'TABLON DEL MATAZANO'),
(281, 23, 'CASCO URBANO'),
(282, 23, 'EL DESPOBLADO'),
(283, 23, 'EL MATAZANO'),
(284, 23, 'PALO GALAN'),
(285, 23, 'LLANO DE LAS MAJADAS'),
(286, 23, 'SAN FRANCISCO APANTA'),
(287, 23, 'SAN JOSE CAPULIN'),
(288, 24, 'CASCO URBANO'),
(289, 24, 'GUACAMAYAS'),
(290, 24, 'LA DANTA'),
(291, 24, 'EL FLOR'),
(292, 24, 'LAS PILETAS'),
(293, 24, 'CHILAMATES'),
(294, 24, 'SANTA CRUZ'),
(295, 25, 'CASCO URBANO'),
(296, 25, 'COSTA RICA'),
(297, 25, 'CUJUCUYO'),
(298, 25, 'EL JUTE'),
(299, 25, 'SAN MIGUEL'),
(300, 25, 'SANTO TOMAS'),
(301, 25, 'CHILCUYO'),
(302, 26, 'CASCO URBANO'),
(303, 26, 'EL COYOL'),
(304, 26, 'EL SALAMO'),
(305, 26, 'EL SUNCITA'),
(306, 26, 'METALIO'),
(307, 26, 'MORRO GRANDE'),
(308, 26, 'PUNTA REMEDIOS'),
(309, 26, 'SAN JULIAN'),
(310, 26, 'VALLE NUEVO'),
(311, 27, 'CASCO URBANO'),
(312, 27, 'AZACUALPA'),
(313, 27, 'EL CERRO'),
(314, 27, 'EL GUAYABO'),
(315, 27, 'EL ROSARIO'),
(316, 27, 'LA PUERTA'),
(317, 27, 'LAS CRUCITAS'),
(318, 27, 'LOS MANGOS'),
(319, 27, 'TRES CEIBAS'),
(320, 27, 'VALLE NUEVO'),
(321, 28, 'CASCO URBANO'),
(322, 28, 'AGUA CALIENTE'),
(323, 28, 'SUQUIAT'),
(324, 28, 'EL CASTAÐO'),
(325, 28, 'LAS FLORES'),
(326, 28, 'AMAYO'),
(327, 28, 'LOS GRAMALES'),
(328, 28, 'EL ZAPOTE'),
(329, 28, 'CERRO ALTO'),
(330, 29, 'CASCO URBANO'),
(331, 29, 'AGUASHUCA'),
(332, 29, 'APANCOYO'),
(333, 29, 'COQUIAMA'),
(334, 29, 'EL BALSAMAR'),
(335, 29, 'SAN LUCAS'),
(336, 30, 'CASCO URBANO'),
(337, 30, 'ACACHAPA'),
(338, 30, 'APANCOYO'),
(339, 30, 'ATILUYA'),
(340, 30, 'EL COROZAL'),
(341, 30, 'EL PARAISO'),
(342, 30, 'LAS PIEDRAS'),
(343, 30, 'MIRAMAR'),
(344, 30, 'PASO DE CANOAS'),
(345, 31, 'CASCO URBANO'),
(346, 31, 'CANGREJERA'),
(347, 31, 'CEIBA DEL CHARCO'),
(348, 31, 'CRUZ GRANDE'),
(349, 31, 'CUNTAN'),
(350, 31, 'CUYAGUALO'),
(351, 31, 'CHORRO ABAJO'),
(352, 31, 'CHORRO ARRIBA'),
(353, 31, 'EL SUNZA'),
(354, 31, 'HUISCOYOLATE'),
(355, 31, 'JOYA DE CEREN'),
(356, 31, 'LA CHAPINA'),
(357, 31, 'QUEBRADA ESPAÐOLA'),
(358, 31, 'LAS HIGUERAS'),
(359, 31, 'LAS LAJAS'),
(360, 31, 'LAS MARIAS'),
(361, 31, 'PIEDRAS PACHAS'),
(362, 31, 'SAN ISIDRO'),
(363, 31, 'SAN LUIS'),
(364, 31, 'SHO SHON'),
(365, 31, 'TALCOMUNCA'),
(366, 31, 'TAPALSHUCUT'),
(367, 31, 'TECUMA'),
(368, 31, 'TESHCAL'),
(369, 31, 'TRES CEIBAS'),
(370, 31, 'LOS TUNALMILES'),
(371, 32, 'CASCO URBANO'),
(372, 32, 'BUENOS AIRES'),
(373, 32, 'LA PUENTE'),
(374, 32, 'LA UNION'),
(375, 32, 'LOS APANTES'),
(376, 32, 'LOS CAÐALES'),
(377, 32, 'LOS NARANJOS'),
(378, 32, 'OJO DE AGUA'),
(379, 32, 'SAN JOSE LA MAJADA'),
(380, 32, 'SAN JUAN DE DIOS'),
(381, 32, 'VALLE NUEVO'),
(382, 33, 'CASCO URBANO'),
(383, 33, 'ANAL ABAJO'),
(384, 33, 'ANAL ARRIBA'),
(385, 33, 'CUSAMALUCO'),
(386, 33, 'LOS ARENALES'),
(387, 33, 'EL CANELO'),
(388, 33, 'EL CARRIZAL'),
(389, 33, 'EL CERRITO'),
(390, 33, 'EL CHAPARRON'),
(391, 33, 'LA GUACAMAYA'),
(392, 33, 'PUSHTAN'),
(393, 33, 'SABANA GRANDE'),
(394, 33, 'SABANA SAN JUAN ABAJO'),
(395, 33, 'SABANA SAN JUAN ARRIBA'),
(396, 33, 'SISIMITEPEC'),
(397, 33, 'TAJCUILUJLAN'),
(398, 34, 'CASCO URBANO'),
(399, 34, 'ALEMAN'),
(400, 34, 'CONACASTE HERRADO'),
(401, 34, 'EL GUAYABO'),
(402, 34, 'PIEDRA DE MOLER'),
(403, 35, 'CASCO URBANO'),
(404, 35, 'EL PUENTE'),
(405, 35, 'LO ANISALES'),
(406, 36, 'CASCO URBANO'),
(407, 36, 'AGUA SANTA'),
(408, 36, 'CUYUAPA ABAJO'),
(409, 36, 'CUYUAPA ARRIBA'),
(410, 36, 'EL CASTAÐO'),
(411, 36, 'LAS HOJAS'),
(412, 36, 'SAN RAMON'),
(413, 37, 'CASCO URBANO'),
(414, 37, 'AGUASHUCA'),
(415, 37, 'CHILATA'),
(416, 37, 'EL ACHIOTAL'),
(417, 37, 'EL BEBEDERO'),
(418, 37, 'LOS LAGARTOS'),
(419, 37, 'PALO VERDE'),
(420, 37, 'PEÐA BLANCA'),
(421, 37, 'PETACAS'),
(422, 37, 'TIERRA COLORADA'),
(423, 38, 'CASCO URBANO'),
(424, 38, 'CUYUAPA'),
(425, 38, 'EL MATAZANO'),
(426, 38, 'LAS PEÐAS'),
(427, 38, 'SAN RAFAEL'),
(428, 39, 'CASCO URBANO'),
(429, 39, 'EL CARRIZAL'),
(430, 39, 'EL CAULOTE'),
(431, 39, 'EL ZARZAL'),
(432, 39, 'EL ZOPE'),
(433, 40, 'CASCO URBANO'),
(434, 40, 'CHIQUIHUAT'),
(435, 40, 'EL CACAO'),
(436, 40, 'EL EDEN'),
(437, 40, 'EL PRESIDIO'),
(438, 40, 'LA ENSENADA'),
(439, 40, 'LAS DELICIAS'),
(440, 40, 'LAS TABLAS'),
(441, 40, 'LOMA DEL MUERTO'),
(442, 40, 'MIRAVALLE'),
(443, 40, 'SALINAS DE AYACACHAPA'),
(444, 40, 'SANTA EMILIA'),
(445, 40, 'TONALA'),
(446, 41, 'CASCO URBANO'),
(447, 41, 'EL ALMENDRO'),
(448, 42, 'CASCO URBANO'),
(449, 42, 'AGUAFRIA'),
(450, 42, 'AGUA ZARCA'),
(451, 42, 'CERRO GRANDE'),
(452, 42, 'ENCUMBRADO'),
(453, 42, 'OBRAJUELA'),
(454, 42, 'OJOS DE AGUA'),
(455, 42, 'SANTA ROSA'),
(456, 43, 'CASCO URBANO'),
(457, 43, 'CERRO GRANDE'),
(458, 43, 'LOS SITIOS'),
(459, 43, 'TEQUEQUE'),
(460, 43, 'GUALCIMACA'),
(461, 43, 'LAS VEGAS'),
(462, 43, 'LOS FILOS'),
(463, 43, 'TEOSINTE'),
(464, 44, 'CASCO URBANO'),
(465, 44, 'CUESTAMARINA'),
(466, 44, 'EL LLANO'),
(467, 45, 'CASCO URBANO'),
(468, 45, 'CUALCHO'),
(469, 45, 'LAGUNETAS'),
(470, 45, 'LOS PLANES'),
(471, 45, 'LLANO DE LA VIRGEN'),
(472, 45, 'SAN FRANCISCO'),
(473, 45, 'SAN LORENZO'),
(474, 45, 'SAN RAMON'),
(475, 45, 'TALQUEZALAR'),
(476, 46, 'CASCO URBANO'),
(477, 46, 'CANDELARIA'),
(478, 46, 'EL MORRO'),
(479, 46, 'GUACHIPILIN'),
(480, 46, 'LA JUNTA'),
(481, 47, 'CASCO URBANO'),
(482, 47, 'EL CONACASTE'),
(483, 47, 'EL JOCOTILLO'),
(484, 47, 'LLANO GRANDE'),
(485, 47, 'EL ROSARIO'),
(486, 47, 'MONTE REDONDO'),
(487, 47, 'OLOSINGO'),
(488, 48, 'CASCO URBANO'),
(489, 48, 'CHIAPAS'),
(490, 48, 'GUARJILA'),
(491, 48, 'LAS MINAS'),
(492, 48, 'SAN BARTOLO'),
(493, 48, 'SAN JOSE'),
(494, 48, 'UPATORO'),
(495, 49, 'CASCO URBANO'),
(496, 49, 'CUEVITAS'),
(497, 49, 'CHORRO BLANCO'),
(498, 49, 'EL COMUN'),
(499, 49, 'EL OCOTAL'),
(500, 49, 'EL ROSARIO'),
(501, 49, 'LOS GUTIERREZ'),
(502, 49, 'LOS ACHIOTES'),
(503, 49, 'LOS ENCUENTROS'),
(504, 49, 'LOS SITIOS'),
(505, 50, 'CASCO URBANO'),
(506, 50, 'LA TRINIDAD'),
(507, 50, 'PETAPAS'),
(508, 50, 'POTRERILLOS'),
(509, 50, 'VAINILLAS'),
(510, 51, 'CASCO URBANO'),
(511, 51, 'EL TABLON'),
(512, 51, 'SANTA BARBARA'),
(513, 51, 'VALLE NUEVO'),
(514, 52, 'CASCO URBANO'),
(515, 52, 'LAS PACAYAS'),
(516, 52, 'LOS PRADOS'),
(517, 52, 'PLAN VERDE'),
(518, 52, 'SAN JOSE'),
(519, 52, 'LA CUCHILLA'),
(520, 53, 'CASCO URBANO'),
(521, 53, 'EL AGUACATAL'),
(522, 53, 'EL GRAMAL'),
(523, 53, 'LAS GRANADILLAS'),
(524, 53, 'LOS HORCONES'),
(525, 53, 'LOS PLANES'),
(526, 53, 'SAN JOSE SACARE'),
(527, 53, 'SAN JOSE CALERAS'),
(528, 53, 'EL TUNEL'),
(529, 54, 'CASCO URBANO'),
(530, 54, 'EL PEPETO'),
(531, 54, 'EL TIGRE'),
(532, 54, 'LAS CAÐAS'),
(533, 54, 'LAS PEÐAS'),
(534, 54, 'LOS TECOMATES'),
(535, 54, 'TALCHALUYA'),
(536, 54, 'TILAPA'),
(537, 55, 'CASCO URBANO'),
(538, 55, 'CONACASTE'),
(539, 55, 'SICAHUITE'),
(540, 55, 'LA CEIBA'),
(541, 55, 'LA LAGUNA'),
(542, 55, 'LOS NARANJOS'),
(543, 55, 'SAN JOSE'),
(544, 56, 'CASCO URBANO'),
(545, 56, 'ESCALANTE'),
(546, 56, 'LOS HENRIQUEZ'),
(547, 56, 'PATAMERA'),
(548, 56, 'PLAZUELAS'),
(549, 56, 'POTRERIOS'),
(550, 56, 'QUIPURE'),
(551, 57, 'CASCO URBANO'),
(552, 57, 'LOS CHILAMATES'),
(553, 57, 'EL GAVILAN'),
(554, 57, 'EL ZAPOTE'),
(555, 57, 'LAGUNA SECA'),
(556, 57, 'LAS TABLAS'),
(557, 57, 'POTENCIANA'),
(558, 57, 'POTRERO SULA'),
(559, 57, 'SANTA RITA CIMARRON'),
(560, 57, 'SANTA ROSA'),
(561, 57, 'SUNAPA'),
(562, 58, 'CASCO URBANO'),
(563, 58, 'CARASQUE'),
(564, 58, 'EL SITIO'),
(565, 58, 'EL ZACAMIL'),
(566, 58, 'HACIENDA VIEJA'),
(567, 58, 'JAHUATAYA'),
(568, 58, 'HUIZUCAR'),
(569, 58, 'SAN ANTONIO MANAQUIL'),
(570, 59, 'CASCO URBANO'),
(571, 59, 'EL COYOLAR'),
(572, 59, 'EL PORTILLO'),
(573, 59, 'EL SITIO'),
(574, 59, 'EL TABLON'),
(575, 59, 'EL ZAPOTAL'),
(576, 59, 'LA MONTAÐITA'),
(577, 59, 'YURIQUE'),
(578, 60, 'CASCO URBANO'),
(579, 60, 'CORRAL FALSO'),
(580, 60, 'LA MONTAÐA'),
(581, 60, 'MONTE REDONDO'),
(582, 60, 'SANTA TERESA'),
(583, 60, 'PLAN DE LAS POZAS'),
(584, 61, 'CASCO URBANO'),
(585, 61, 'COPALIO'),
(586, 61, 'EL ZAPOTE'),
(587, 61, 'SAN BENITO'),
(588, 61, 'SANTA ANA'),
(589, 62, 'CASCO URBANO'),
(590, 62, 'EL GRAMAL'),
(591, 63, 'CASCO URBANO'),
(592, 63, 'JOCOTAN'),
(593, 63, 'LOS LLANITOS'),
(594, 63, 'NUEVO SAN FERNANDO O ROBLAR'),
(595, 63, 'SAN JUAN DE LA CRUZ'),
(596, 63, 'VALLE DE JESUS'),
(597, 64, 'CASCO URBANO'),
(598, 64, 'LOS MENJIVAR'),
(599, 64, 'LOS ZEPEDA'),
(600, 65, 'CASCO URBANO'),
(601, 65, 'HIGUERAL'),
(602, 65, 'LAS CAÐITAS'),
(603, 65, 'LAS PARVITAS'),
(604, 65, 'LOS NARANJOS'),
(605, 65, 'PLAN DEL HORNO'),
(606, 65, 'SAN MIGUELITO'),
(607, 65, 'ZUMPUL DE AVELAR'),
(608, 65, 'ZUMPUL DE CHACON'),
(609, 65, 'TEOSINTE'),
(610, 65, 'TREMEDAL'),
(611, 66, 'CASCO URBANO'),
(612, 66, 'EL CARMEN'),
(613, 66, 'EL CENTRO'),
(614, 66, 'EL PINAR'),
(615, 66, 'RIO CHIQUITO'),
(616, 66, 'SANTA ROSA'),
(617, 66, 'EL ROSARIO'),
(618, 66, 'LAS PILAS'),
(619, 67, 'CASCO URBANO'),
(620, 67, 'ALVARENGA'),
(621, 67, 'EL MOJON'),
(622, 67, 'SICAHUITAL'),
(623, 67, 'SAN JOSE DE LA MONTAÐA'),
(624, 67, 'LOS AMATES'),
(625, 68, 'CASCO URBANO'),
(626, 68, 'CANDELARIA'),
(627, 68, 'CONCEPCION'),
(628, 68, 'LOS GUILLEN'),
(629, 68, 'PORTILLO DEL NORTE'),
(630, 69, 'CASCO URBANO'),
(631, 69, 'ALDEA VIEJA'),
(632, 69, 'HACIENDA'),
(633, 69, 'HACIENDA VIEJA'),
(634, 69, 'LA LAGUNETA'),
(635, 69, 'LAS LIMAS'),
(636, 69, 'LLANO VERDE'),
(637, 70, 'CASCO URBANO'),
(638, 70, 'EL PITAL'),
(639, 70, 'EL SITIO'),
(640, 70, 'LOS NARANJOS'),
(641, 70, 'SANTA CRUZ'),
(642, 71, 'CASCO URBANO'),
(643, 71, 'CERRO DE LA CRUZ'),
(644, 71, 'EL MATAZANO'),
(645, 71, 'EL SALITRE'),
(646, 71, 'LOS GUARDADO'),
(647, 71, 'PIEDRAS GORDAS'),
(648, 72, 'CASCO URBANO'),
(649, 72, 'LOS DESAMPARADOS'),
(650, 72, 'OJOS DE AGUA'),
(651, 72, 'SAN ANTONIO BUENA VISTA'),
(652, 72, 'SAN JOSE LOS SITIOS'),
(653, 73, 'CASCO URBANO'),
(654, 73, 'BARILLAS'),
(655, 73, 'EL CHILAMATE'),
(656, 73, 'SAN MIGUEL TOBIAS'),
(657, 73, 'SAN NICOLAS PIEDRAS GORDAS'),
(658, 74, 'CASCO URBANO'),
(659, 74, 'AGUAJE ESCONDIDO'),
(660, 74, 'ALDEITA'),
(661, 74, 'LOS APOSENTOS'),
(662, 74, 'CONCEPCION'),
(663, 74, 'EL CARRIZAL'),
(664, 74, 'EL CERRON'),
(665, 74, 'EL SALITRE'),
(666, 74, 'EL TRANSITO'),
(667, 74, 'ESTANZUELAS'),
(668, 74, 'SAN JOSE'),
(669, 74, 'LOS MARTINEZ'),
(670, 74, 'QUITASOL'),
(671, 74, 'RIO GRANDE DE ALVARADO'),
(672, 74, 'RIO GRANDE DE CARDOZA'),
(673, 74, 'EL IZOTAL'),
(674, 75, 'CASCO URBANO'),
(675, 75, 'EL ESPINO'),
(676, 75, 'LA LABRANZA'),
(677, 75, 'SOLEDAD'),
(678, 76, 'CASCO URBANO'),
(679, 76, 'EL CONACASTE'),
(680, 76, 'LA ESPERANZA'),
(681, 76, 'LA JOYITA'),
(682, 76, 'LA REFORMA'),
(683, 76, 'LAS CRUCES'),
(684, 76, 'LOMAS DE ANDALUCIA'),
(685, 76, 'LOS ACOSTA'),
(686, 76, 'SAN ANDRES'),
(687, 76, 'SANTA LUCIA'),
(688, 76, 'SANTA ROSA'),
(689, 76, 'VERACRUZ'),
(690, 76, 'ZAPOTITAN'),
(691, 77, 'CASCO URBANO'),
(692, 77, 'BOTONCILLAL'),
(693, 77, 'EL CAPULIN'),
(694, 77, 'EL COBANAL'),
(695, 77, 'EL LIMON'),
(696, 77, 'EL MANGUITO'),
(697, 77, 'ENTRE RIOS'),
(698, 77, 'HACIENDA NUEVA'),
(699, 77, 'LAS ANGOSTURAS'),
(700, 77, 'LAS BRISAS'),
(701, 77, 'LAS MORAS'),
(702, 77, 'LOURDES'),
(703, 78, 'CASCO URBANO'),
(704, 78, 'EL CONACASTE'),
(705, 78, 'EL FARO'),
(706, 78, 'EL MATAZANO'),
(707, 78, 'EL PEÐON'),
(708, 78, 'EL ROSARIO'),
(709, 78, 'LA SHILA'),
(710, 78, 'SAN ANTONIO'),
(711, 78, 'SAN FRANCISCO POTRERON'),
(712, 79, 'CASCO URBANO'),
(713, 79, 'CUERVO ABAJO'),
(714, 79, 'CUERVO ARRIBA'),
(715, 79, 'EL REGADILLO'),
(716, 79, 'EL ZONTE'),
(717, 79, 'JULUPE'),
(718, 79, 'LAS FLORES'),
(719, 79, 'LAS TERMOPILAS'),
(720, 79, 'SANTA LUCIA'),
(721, 79, 'SANTA MARTA'),
(722, 79, 'SIBERIA'),
(723, 79, 'TAQUILLO'),
(724, 80, 'CASCO URBANO'),
(725, 80, 'AMAQUILCO'),
(726, 80, 'LA LIMA'),
(727, 80, 'NAZARETH'),
(728, 80, 'OJOS DE AGUA'),
(729, 80, 'SAN JUAN BUENAVISTA'),
(730, 80, 'TILAPA'),
(731, 81, 'CASCO URBANO'),
(732, 81, 'JUAN HIGINIO O LA CUMBRE'),
(733, 81, 'LAS FLORES'),
(734, 81, 'LAS MINAS'),
(735, 81, 'LA LABOR'),
(736, 82, 'CASCO URBANO'),
(737, 82, 'LA ARGENTINA'),
(738, 82, 'LA PERLA'),
(739, 82, 'SAN JOSE TABLON'),
(740, 82, 'EL NISPERO'),
(741, 82, 'EL CARRIZO'),
(742, 83, 'CASCO URBANO'),
(743, 83, 'CANGREJERA'),
(744, 83, 'EL CIMARRON'),
(745, 83, 'EL MAJAHUAL'),
(746, 83, 'MELARA'),
(747, 83, 'SAN ALFREDO'),
(748, 83, 'SAN DIEGO'),
(749, 83, 'SAN RAFAEL'),
(750, 83, 'SANTA CRUZ'),
(751, 83, 'TEPEAGUA'),
(752, 83, 'TECOLUCA'),
(753, 84, 'CASCO URBANO'),
(754, 84, 'AREA RURAL'),
(755, 85, 'CASCO URBANO'),
(756, 85, 'ALVAREZ'),
(757, 85, 'AYAGUALO'),
(758, 85, 'BUENA VISTA'),
(759, 85, 'EL LIMON'),
(760, 85, 'EL MATAZANO'),
(761, 85, 'EL PROGRESO'),
(762, 85, 'QUEQUEISQUE'),
(763, 85, 'EL TRIUNFO'),
(764, 85, 'EL SACAZIL'),
(765, 85, 'LAS GRANADILLAS'),
(766, 85, 'LOMA LARGA'),
(767, 85, 'LOS AMATES'),
(768, 85, 'LOS PAJALES'),
(769, 85, 'VICTORIA'),
(770, 86, 'CASCO URBANO'),
(771, 86, 'EL PUENTE'),
(772, 86, 'EL SEÐOR'),
(773, 86, 'GIRON'),
(774, 86, 'LAS MERCEDES'),
(775, 86, 'MACANCE'),
(776, 86, 'PRIMAVERA'),
(777, 86, 'PLATANILLOS'),
(778, 86, 'SAN JUAN LOS PLANES'),
(779, 86, 'SAN FRANCISCO'),
(780, 86, 'SANTA ROSA'),
(781, 86, 'SEGURA'),
(782, 86, 'SITIO DE LOS NEJAPA'),
(783, 86, 'TACACHICO'),
(784, 87, 'CASCO URBANO'),
(785, 87, 'ATEOS'),
(786, 87, 'BUENA VISTA'),
(787, 87, 'LA MONTAÐITA'),
(788, 88, 'CASCO URBANO'),
(789, 88, 'EL ESCALON'),
(790, 88, 'MATAZANO'),
(791, 88, 'EL PALOMAR'),
(792, 88, 'LAS DISPENSAS'),
(793, 88, 'TULA'),
(794, 89, 'CASCO URBANO'),
(795, 89, 'AGUA ESCONDIDA'),
(796, 89, 'BARRANCA HONDA'),
(797, 89, 'BUENA VISTA'),
(798, 89, 'CHANMICO'),
(799, 89, 'CHANTUSNENE'),
(800, 89, 'EL ANGEL TALCUALUYA'),
(801, 89, 'EL CASTILLO'),
(802, 89, 'EL JABALI'),
(803, 89, 'EL MATAZANO'),
(804, 89, 'JOYA DE CEREN'),
(805, 89, 'LA NUEVA ENCARNACION'),
(806, 89, 'LAS DELICIAS'),
(807, 89, 'GRANADILLAS'),
(808, 89, 'LOS AMATES'),
(809, 89, 'MINAS DE PLOMO'),
(810, 89, 'NOMBRE DE DIOS'),
(811, 89, 'PITICHORRO'),
(812, 89, 'SAN ANTONIO'),
(813, 89, 'SAN FELIPE'),
(814, 89, 'SAN JOSE LA CUEVA'),
(815, 89, 'SAN NICOLAS LOS ENCUENTROS'),
(816, 89, 'SAN NICOLAS LA ENCARNACION'),
(817, 89, 'SAN PEDRO MARTIR'),
(818, 89, 'SAN PEDRO ORIENTE'),
(819, 89, 'SITIO DEL NIÐO'),
(820, 89, 'SITIO GRANDE'),
(821, 89, 'TEHUICHO'),
(822, 90, 'CASCO URBANO'),
(823, 90, 'EL JICARO'),
(824, 90, 'EL JOCOTE'),
(825, 90, 'LA PUEBLA'),
(826, 90, 'LAS ANONAS'),
(827, 90, 'MASAJAPA'),
(828, 90, 'SAN PEDRO LAS FLORES'),
(829, 90, 'SANTA ROSA'),
(830, 90, 'SANTA TERESA'),
(831, 91, 'CASCO URBANO'),
(832, 91, 'ATIOCOYO'),
(833, 91, 'CAMPANA'),
(834, 91, 'EL TRANSITO'),
(835, 91, 'SAN JUAN MESAS'),
(836, 91, 'MOGOTES'),
(837, 91, 'MONCAGUA'),
(838, 91, 'OBRAJE NUEVO'),
(839, 91, 'SAN ISIDRO'),
(840, 92, 'CASCO URBANO'),
(841, 92, 'BUENOS AIRES'),
(842, 92, 'EL CUERVO'),
(843, 92, 'EL PALMAR'),
(844, 92, 'EL PINAL'),
(845, 92, 'EL SUNZAL'),
(846, 92, 'SAN ALFONSO'),
(847, 92, 'SAN BENITO'),
(848, 92, 'SAN EMILIO'),
(849, 92, 'SAN ISIDRO'),
(850, 92, 'SANTA LUCIA'),
(851, 92, 'TARPEYA'),
(852, 92, 'SAN ANTONIO'),
(853, 93, 'CASCO URBANO'),
(854, 93, 'EL TRANSITO'),
(855, 93, 'LAS QUEBRADAS'),
(856, 93, 'LOS CIPRESES'),
(857, 93, 'LOS LAURELES'),
(858, 93, 'SAN CARLOS'),
(859, 93, 'SAN JOSE LOS SITIOS'),
(860, 93, 'SANTA LUCIA'),
(861, 94, 'CASCO URBANO'),
(862, 94, 'EL ANGEL'),
(863, 94, 'LOS IZOTES'),
(864, 94, 'EL MATAZANO'),
(865, 94, 'MIZATA'),
(866, 94, 'SAN BENITO'),
(867, 94, 'SAN ISIDRO'),
(868, 94, 'SAN MARCOS'),
(869, 94, 'SANTA MARIA MIZATA'),
(870, 94, 'SIHUAPILAPA'),
(871, 95, 'CASCO URBANO'),
(872, 95, 'EL CARRIZO'),
(873, 95, 'EL GUAMO'),
(874, 95, 'EL MOJON'),
(875, 95, 'EL ZACAMIL'),
(876, 95, 'LA JAVIA'),
(877, 95, 'LAS FLORES'),
(878, 95, 'LOS ALPES'),
(879, 95, 'LOS LAURELES'),
(880, 95, 'SAN ANTONIO'),
(881, 95, 'TIERRA COLORADA'),
(882, 96, 'CASCO URBANO'),
(883, 96, 'EL BARILLO'),
(884, 96, 'GUADALUPE'),
(885, 96, 'SAN FRANCISCO'),
(886, 96, 'SAN SEBASTIAN'),
(887, 97, 'CASCO URBANO'),
(888, 97, 'LA FLORIDA'),
(889, 97, 'LAS TUNAS'),
(890, 97, 'LOS MANGOS'),
(891, 97, 'PIÐALITOS'),
(892, 97, 'PISHISHAPA'),
(893, 98, 'CASCO URBANO'),
(894, 98, 'GUADALUPE'),
(895, 98, 'EL ANGEL'),
(896, 98, 'JOYA GALANA'),
(897, 98, 'JOYA GRANDE'),
(898, 98, 'LAS DELICIAS'),
(899, 98, 'SAN NICOLAS'),
(900, 98, 'SUCHINANGO'),
(901, 98, 'TRES CEIBAS'),
(902, 99, 'CASCO URBANO'),
(903, 99, 'EL ZAPOTE'),
(904, 99, 'LOS LLANITOS'),
(905, 100, 'CASCO URBANO'),
(906, 100, 'SAN LUIS MARIONA'),
(907, 101, 'CASCO URBANO'),
(908, 101, 'EL JICARON'),
(909, 101, 'EL MATAZANO'),
(910, 101, 'EL TRONADOR'),
(911, 101, 'LA CABAÐA'),
(912, 101, 'SAN ANTONIO GRANDE'),
(913, 101, 'SAN DIEGO'),
(914, 101, 'SAN RAFAEL'),
(915, 101, 'POTRERO GRANDE'),
(916, 101, 'LAS DELICIAS'),
(917, 101, 'LAS VENTANAS'),
(918, 101, 'SAN FRANCISCO LOS DOS CERROS'),
(919, 101, 'NATIVIDAD'),
(920, 102, 'CASCO URBANO'),
(921, 102, 'CALLE NUEVA'),
(922, 102, 'LOMA DE RAMOS'),
(923, 102, 'NANCE VERDE'),
(924, 102, 'SAN CRISTOBAL'),
(925, 102, 'SAN JERONIMO'),
(926, 102, 'SAN LUCAS'),
(927, 102, 'SANTA BARBARA'),
(928, 102, 'EL ZACAMIL'),
(929, 103, 'CASCO URBANO'),
(930, 103, 'CHANGALLO'),
(931, 103, 'DOLORES APULO'),
(932, 103, 'SAN BARTOLO'),
(933, 104, 'CASCO URBANO'),
(934, 104, 'CHANCALA'),
(935, 104, 'SAN MIGUEL'),
(936, 104, 'SAN ROQUE'),
(937, 105, 'CASCO URBANO'),
(938, 105, 'ALDEA MERCEDES'),
(939, 105, 'EL BONETE'),
(940, 105, 'CAMOTEPEQUE'),
(941, 105, 'CONACASTE'),
(942, 105, 'EL SALITRE'),
(943, 105, 'GALERA QUEMADA'),
(944, 105, 'SAN JERONIMO LOS PLANES'),
(945, 105, 'TUTULTEPEQUE'),
(946, 106, 'CASCO URBANO'),
(947, 106, 'AMAYON'),
(948, 106, 'AZACUALPA'),
(949, 106, 'EL CEDRO'),
(950, 106, 'EL DIVISADERO'),
(951, 106, 'EL GUAYABO'),
(952, 106, 'LOMA Y MEDIA'),
(953, 106, 'LOS PAJALES'),
(954, 106, 'LOS PALONES'),
(955, 106, 'LOS TRONCONES'),
(956, 106, 'PANCHIMALQUITO'),
(957, 106, 'PLANES DE RENDEROS'),
(958, 106, 'QUEZALAPA'),
(959, 106, 'SAN ISIDRO'),
(960, 106, 'LAS CRUCITAS'),
(961, 107, 'CASCO URBANO'),
(962, 107, 'CERCO DE PIEDRA'),
(963, 107, 'EL CARRIZAL'),
(964, 107, 'EL JUTILLO'),
(965, 107, 'LAS BARROSAS'),
(966, 107, 'PALO GRANDE'),
(967, 107, 'PLAN DEL MANGO'),
(968, 107, 'SAN RAMON'),
(969, 108, 'CASCO URBANO'),
(970, 108, 'AGUACATITAN'),
(971, 108, 'CASA DE PIEDRA'),
(972, 108, 'EL PEPETO'),
(973, 108, 'GUADALUPE EL MANGO'),
(974, 109, 'CASCO URBANO'),
(975, 109, 'EL ROSARIO'),
(976, 109, 'EL SAUCE'),
(977, 109, 'LA FLOR'),
(978, 109, 'LA PALMA'),
(979, 109, 'LAS ANIMAS'),
(980, 109, 'LAS DELICIAS'),
(981, 109, 'SAN JOSE PRIMERO'),
(982, 109, 'SAN JOSE SEGUNDO'),
(983, 110, 'CASCO URBANO'),
(984, 111, 'CASCO URBANO'),
(985, 111, 'ASINO'),
(986, 111, 'EL MORRO'),
(987, 111, 'JOYA GRANDE'),
(988, 111, 'LA CUCHILLA'),
(989, 111, 'SHALTIPA'),
(990, 112, 'CASCO URBANO'),
(991, 112, 'CAÐA BRAVA'),
(992, 112, 'CUAPA'),
(993, 112, 'CHALTEPE'),
(994, 112, 'EL CARMEN'),
(995, 112, 'EL CIPRES'),
(996, 112, 'EL GUAJE'),
(997, 112, 'EL PORVENIR'),
(998, 112, 'LAS CASITAS'),
(999, 112, 'POTRERILLOS'),
(1000, 113, 'CASCO URBANO'),
(1001, 114, 'CASCO URBANO'),
(1002, 114, 'EL ROSARIO'),
(1003, 114, 'EL SAUCE'),
(1004, 114, 'EL TRANSITO'),
(1005, 114, 'LA FUENTE'),
(1006, 114, 'LA UNION'),
(1007, 114, 'LAS FLORES'),
(1008, 114, 'MALACOF'),
(1009, 114, 'VERACRUZ'),
(1010, 115, 'CASCO URBANO'),
(1011, 115, 'CALLE REAL'),
(1012, 115, 'EL ARENAL'),
(1013, 115, 'EL CALLEJON'),
(1014, 115, 'LA CABAÐA'),
(1015, 115, 'PLAN DEL PINO'),
(1016, 115, 'SAN JOSE CORTEZ'),
(1017, 115, 'SAN LAUREANO'),
(1018, 116, 'CASCO URBANO'),
(1019, 116, 'CONCEPCION'),
(1020, 116, 'EL ROSARIO'),
(1021, 116, 'SAN JUAN MIRAFLORES ARRIBA'),
(1022, 116, 'SAN ANTONIO'),
(1023, 116, 'SAN JOSE LA CEIBA'),
(1024, 116, 'SAN JUAN MIRAFLORES ABAJO'),
(1025, 116, 'SAN RAFAEL LA LOMA'),
(1026, 116, 'NANCE VERDE'),
(1027, 117, 'CASCO URBANO'),
(1028, 117, 'CUJUAPA'),
(1029, 117, 'EL CARRIZAL'),
(1030, 117, 'JIÐUCO'),
(1031, 117, 'LA PALMA'),
(1032, 117, 'LOS NARANJOS'),
(1033, 117, 'OJOS DE AGUA'),
(1034, 118, 'CASCO URBANO'),
(1035, 118, 'CANDELARIA'),
(1036, 118, 'CONCEPCION'),
(1037, 118, 'EL CARMEN'),
(1038, 118, 'LA PAZ'),
(1039, 118, 'SAN ANTONIO'),
(1040, 118, 'SAN SEBASTIAN'),
(1041, 118, 'SANTA LUCIA'),
(1042, 119, 'CASCO URBANO'),
(1043, 119, 'EL AMATILLO'),
(1044, 119, 'EL CALVARIO'),
(1045, 119, 'SAN MARTIN'),
(1046, 119, 'VERACRUZ'),
(1047, 120, 'CASCO URBANO'),
(1048, 120, 'CANDELARIA'),
(1049, 120, 'CONCEPCION'),
(1050, 120, 'EL CARMEN'),
(1051, 120, 'EL ROSARIO'),
(1052, 120, 'SAN ANDRES'),
(1053, 120, 'SAN ANTONIO'),
(1054, 120, 'SAN JOSE'),
(1055, 120, 'SAN MARTIN'),
(1056, 120, 'SAN NICOLAS'),
(1057, 120, 'LA SOLEDAD'),
(1058, 121, 'CASCO URBANO'),
(1059, 121, 'TACANAGUA'),
(1060, 121, 'PALACIOS'),
(1061, 122, 'CASCO URBANO'),
(1062, 122, 'EL TRIUNFO'),
(1063, 122, 'LAS LOMAS'),
(1064, 123, 'CASCO URBANO'),
(1065, 123, 'LA VIRGEN'),
(1066, 123, 'SAN ANTONIO'),
(1067, 123, 'SAN FRANCISCO'),
(1068, 123, 'SAN JOSE'),
(1069, 123, 'SANTA ANITA'),
(1070, 123, 'SANTA CRUZ'),
(1071, 124, 'CASCO URBANO'),
(1072, 124, 'ANIMAS'),
(1073, 124, 'EL SALITRE'),
(1074, 124, 'LA CRUZ'),
(1075, 124, 'LLANO GRANDE'),
(1076, 124, 'LOS MELENDEZ'),
(1077, 124, 'PALACIOS'),
(1078, 124, 'PIEDRA LABRADA'),
(1079, 124, 'RAMIREZ'),
(1080, 124, 'LOS RODRIGUEZ'),
(1081, 125, 'CASCO URBANO'),
(1082, 125, 'BUENA VISTA'),
(1083, 125, 'BUENOS AIRES'),
(1084, 125, 'EL CARMEN'),
(1085, 125, 'EL ESPINO'),
(1086, 125, 'EL LIMON'),
(1087, 125, 'EL PARAISO'),
(1088, 125, 'EL RODEO'),
(1089, 125, 'HUISILTEPEQUE'),
(1090, 125, 'ISTAGUA'),
(1091, 125, 'LA CRUZ'),
(1092, 125, 'LA ESPERANZA'),
(1093, 125, 'LA LOMA'),
(1094, 125, 'MIRAFLORES'),
(1095, 125, 'SAN AGUSTIN'),
(1096, 125, 'SAN FRANCISCO'),
(1097, 125, 'TECOMATEPEQUE'),
(1098, 125, 'TECOLUCO'),
(1099, 126, 'CASCO URBANO'),
(1100, 126, 'CERRO COLORADO'),
(1101, 126, 'EL COPINOL'),
(1102, 126, 'EL ESPINAL'),
(1103, 126, 'JIBOA'),
(1104, 126, 'PALACIOS'),
(1105, 126, 'LA SOLEDAD'),
(1106, 127, 'CASCO URBANO'),
(1107, 127, 'SAN AGUSTIN'),
(1108, 127, 'SAN PABLO'),
(1109, 127, 'SAN PEDRO'),
(1110, 127, 'SANTA ISABEL'),
(1111, 128, 'CASCO URBANO'),
(1112, 128, 'BARRIO ABAJO'),
(1113, 129, 'CASCO URBANO'),
(1114, 129, 'LAS ANIMAS'),
(1115, 129, 'BUENA VISTA'),
(1116, 129, 'EL CENTRO'),
(1117, 129, 'DELICIAS'),
(1118, 129, 'ROSALES'),
(1119, 129, 'MICHAPA'),
(1120, 130, 'CASCO URBANO'),
(1121, 130, 'AGUACAYO'),
(1122, 130, 'BUENA VISTA'),
(1123, 130, 'EL CAULOTE'),
(1124, 130, 'COLIMA'),
(1125, 130, 'CONSOLACION'),
(1126, 130, 'COPAPAYO'),
(1127, 130, 'COROZAL'),
(1128, 130, 'LAS DELICIAS'),
(1129, 130, 'PLATANAR'),
(1130, 130, 'EL ROBLE'),
(1131, 130, 'ESTANZUELAS'),
(1132, 130, 'GUADALUPE'),
(1133, 130, 'HACIENDITA'),
(1134, 130, 'ICHANQUEZO'),
(1135, 130, 'LA BERMUDA'),
(1136, 130, 'EL MOLINO'),
(1137, 130, 'MONTEPEQUE'),
(1138, 130, 'MILINGO'),
(1139, 130, 'MIRANDILLA'),
(1140, 130, 'PALACIOS'),
(1141, 130, 'PALO GRANDE'),
(1142, 130, 'PEPESHTENANGO'),
(1143, 130, 'SAN CRISTOBAL'),
(1144, 130, 'SAN LUCAS'),
(1145, 130, 'TENANGO'),
(1146, 130, 'EL ZAPOTE'),
(1147, 131, 'CASCO URBANO'),
(1148, 131, 'AJULUCO'),
(1149, 131, 'CORRAL VIEJO'),
(1150, 131, 'COPALCHAN'),
(1151, 131, 'EL PEPETO'),
(1152, 131, 'HUISILTEPEQUE'),
(1153, 131, 'JIÐUCO'),
(1154, 131, 'ROSARIO PERICO'),
(1155, 131, 'ROSARIO TABLON'),
(1156, 131, 'SANTA ANITA'),
(1157, 132, 'CASCO URBANO'),
(1158, 132, 'SAN ANTONIO'),
(1159, 132, 'SAN ISIDRO'),
(1160, 133, 'CASCO URBANO'),
(1161, 133, 'AMATEPEC'),
(1162, 133, 'EL CERRO'),
(1163, 133, 'EL PEDREGAL'),
(1164, 133, 'TILAPA'),
(1165, 134, 'CASCO URBANO'),
(1166, 134, 'EL CONACASTE'),
(1167, 134, 'EL ESPINO'),
(1168, 134, 'LOS ROMERO'),
(1169, 134, 'VERACRUZ'),
(1170, 135, 'CASCO URBANO'),
(1171, 135, 'SAN ANTONIO'),
(1172, 135, 'SAN LUIS'),
(1173, 136, 'CASCO URBANO'),
(1174, 136, 'CUPINCO'),
(1175, 136, 'GUACHIPILINES'),
(1176, 136, 'JAYUCA'),
(1177, 136, 'EL CHILAMATE'),
(1178, 136, 'JOYA DE GIRON'),
(1179, 136, 'LA ESPERANZA'),
(1180, 136, 'PLANES DE LAS DELICIAS'),
(1181, 136, 'SAN ANTONIO GIRON'),
(1182, 136, 'SAN JOSE BUENA VISTA'),
(1183, 136, 'SAN SEBASTIAN'),
(1184, 136, 'SANTA LUCIA LA BARRANCA'),
(1185, 136, 'SANTA FE'),
(1186, 136, 'SANTO TOMAS'),
(1187, 137, 'CASCO URBANO'),
(1188, 137, 'EL COPINOL'),
(1189, 137, 'LOS ZACATALES'),
(1190, 138, 'CASCO URBANO'),
(1191, 138, 'EL SOCORRO'),
(1192, 138, 'SAN ANTONIO LA LOMA'),
(1193, 138, 'SAN JOSE LA INSTANCIA'),
(1194, 138, 'BELEN'),
(1195, 138, 'SAN JOSE LOS SOLARES'),
(1196, 139, 'CASCO URBANO'),
(1197, 139, 'SAN JOSE COSTA RICA'),
(1198, 139, 'CONCEPCION LOURDES'),
(1199, 140, 'CASCO URBANO'),
(1200, 140, 'CANDELARIA'),
(1201, 140, 'CONCEPCION LOS PLANES'),
(1202, 140, 'SAN ANTONIO PACHIMILAMA'),
(1203, 140, 'SAN JOSE LA MONTAÐA'),
(1204, 140, 'SANTA CRUZ LA VEGA'),
(1205, 141, 'CASCO URBANO'),
(1206, 141, 'EL CHILE'),
(1207, 141, 'EL GOLFO'),
(1208, 141, 'EL PAJAL'),
(1209, 141, 'EL SALTO'),
(1210, 141, 'LA LAGUNETA'),
(1211, 141, 'LAS PIEDRONAS'),
(1212, 141, 'LAS DELICIAS'),
(1213, 141, 'LA LONGANIZA'),
(1214, 141, 'LOS ZACATILLOS'),
(1215, 141, 'TEHUISTE ABAJO'),
(1216, 141, 'TEHUISTE ARRIBA'),
(1217, 141, 'TIERRA COLORADA'),
(1218, 142, 'CASCO URBANO'),
(1219, 142, 'COMALAPA'),
(1220, 142, 'TOBALON'),
(1221, 142, 'VERACRUZ'),
(1222, 143, 'CASCO URBANO'),
(1223, 143, 'LA CRUZ'),
(1224, 143, 'LA ESPERANZA'),
(1225, 143, 'LOS LAURELES'),
(1226, 144, 'CASCO URBANO'),
(1227, 144, 'AMATECAMPO'),
(1228, 144, 'CUCHILLA DE COMALAPA'),
(1229, 144, 'EL PORVENIR'),
(1230, 144, 'NUEVO EDEN'),
(1231, 144, 'EL PIMENTAL'),
(1232, 144, 'SAN FRANCISCO AMATEPEC'),
(1233, 144, 'TECUALUYA'),
(1234, 144, 'ZAMBOMBERA'),
(1235, 145, 'CASCO URBANO'),
(1236, 145, 'SAN BARTOLO'),
(1237, 145, 'SOLEDAD LAS FLORES'),
(1238, 146, 'CASCO URBANO'),
(1239, 146, 'BUENA VISTA'),
(1240, 146, 'BARAHONA'),
(1241, 146, 'EL SICAHUITE'),
(1242, 146, 'DULCE NOMBRE'),
(1243, 146, 'EL ANGEL'),
(1244, 146, 'EL ACHIOTAL'),
(1245, 146, 'EL CARMEN'),
(1246, 146, 'SANTA LUCIA EL PAREDON'),
(1247, 146, 'EL PIMIENTAL'),
(1248, 146, 'EL PORVENIR'),
(1249, 146, 'LAS DELICIAS'),
(1250, 146, 'LAS FLORES'),
(1251, 146, 'LAS HOJAS'),
(1252, 146, 'LAS ISLETAS'),
(1253, 146, 'MARCELINO'),
(1254, 146, 'SANTA MARIA LA SABANA'),
(1255, 146, 'SAN JOSE LUNA'),
(1256, 147, 'CASCO URBANO'),
(1257, 147, 'EL LAZARETO'),
(1258, 147, 'EL ROBLE'),
(1259, 147, 'HACIENDA VIEJA'),
(1260, 147, 'LA CARBONERA'),
(1261, 147, 'LA COMUNIDAD'),
(1262, 147, 'NAHUISTEPEQUE'),
(1263, 147, 'SAN RAMON'),
(1264, 148, 'CASCO URBANO'),
(1265, 148, 'EL CARAO'),
(1266, 148, 'LA LONGANIZA'),
(1267, 148, 'LA PALMA'),
(1268, 148, 'SAN JERONIMO'),
(1269, 148, 'SAN JOSE OBRAJUELO'),
(1270, 148, 'SAN PEDRO MARTIR'),
(1271, 148, 'SAN MIGUEL OBRAJUELO'),
(1272, 149, 'CASCO URBANO'),
(1273, 149, 'CONCEPCION'),
(1274, 149, 'EL CHAPERNO'),
(1275, 149, 'EL TRANSITO'),
(1276, 149, 'LOMA LARGA'),
(1277, 149, 'SAN ANTONIO'),
(1278, 149, 'SAN ISIDRO'),
(1279, 149, 'SAN JOSE CARRIZAL'),
(1280, 150, 'CASCO URBANO'),
(1281, 150, 'AMULUNCO'),
(1282, 150, 'CONCEPCION JALPONGA'),
(1283, 150, 'CHANCUYO'),
(1284, 150, 'EL SAUCE'),
(1285, 150, 'SAN LUIS JALPONGUITA'),
(1286, 150, 'LA CRUZ DEL MOJON'),
(1287, 150, 'LAS ANIMAS'),
(1288, 150, 'LAS GUARUMAS'),
(1289, 150, 'SAN ANTONIO ABAJO'),
(1290, 150, 'SAN ANTONIO ARRIBA'),
(1291, 150, 'SAN FRANCISCO EL PORFIADO'),
(1292, 150, 'SAN FRANCISCO LA HACIENDA'),
(1293, 150, 'SAN ANTONIO'),
(1294, 150, 'SAN JOSE LOMA'),
(1295, 150, 'SAN JOSE OBRAJITO'),
(1296, 150, 'SAN SEBASTIAN ABAJO'),
(1297, 150, 'SAN SEBASTIAN ARRIBA'),
(1298, 150, 'SANTA CRUZ LA LOMA'),
(1299, 150, 'SANTA RITA ALMENDRO'),
(1300, 150, 'SANTA TERRESA'),
(1301, 150, 'SANTA CRUZ CHACASTAL'),
(1302, 151, 'CASCO URBANO'),
(1303, 151, 'LA BASA'),
(1304, 151, 'LAS LAJAS'),
(1305, 151, 'SAN PEDRO LA PALMA'),
(1306, 152, 'CASCO URBANO'),
(1307, 152, 'AGUAZARCA'),
(1308, 152, 'AMAYO'),
(1309, 152, 'ANIMAS ABAJO'),
(1310, 152, 'ANIMAS ARRIBA'),
(1311, 152, 'AZACUALPA'),
(1312, 152, 'BUENA VISTA ABAJO'),
(1313, 152, 'BUENA VISTA ARRIBA'),
(1314, 152, 'BUENA VISTA ARRINCONADO'),
(1315, 152, 'EL AMATE'),
(1316, 152, 'EL CALLEJON'),
(1317, 152, 'EL CARMEN'),
(1318, 152, 'EL COPINOL'),
(1319, 152, 'EL DESPOBLADO'),
(1320, 152, 'EL ESPINO ABAJO'),
(1321, 152, 'EL ESPINO ARRIBA'),
(1322, 152, 'EL MENEADERO'),
(1323, 152, 'EL SOCORRO'),
(1324, 152, 'EL ZAPOTE'),
(1325, 152, 'HATO DE LOS REYES'),
(1326, 152, 'JOSECITO'),
(1327, 152, 'LA JOYA'),
(1328, 152, 'LA LUCHA'),
(1329, 152, 'LAS ISLETAS'),
(1330, 152, 'LAS TABLAS'),
(1331, 152, 'LIEVANO'),
(1332, 152, 'PENITENTE ABAJO'),
(1333, 152, 'PENITENTE ARRIBA'),
(1334, 152, 'PIEDRA GRANDE ABAJO'),
(1335, 152, 'PIEDRA GRANDE ARRIBA'),
(1336, 152, 'PINEDA'),
(1337, 152, 'PLATANARES'),
(1338, 152, 'SAN FRANCISCO LOS REYES'),
(1339, 152, 'SAN JOSE LA MONTAÐA'),
(1340, 152, 'SAN LUCAS'),
(1341, 152, 'SAN MARCOS LA CRUZ'),
(1342, 152, 'SAN RAFAEL'),
(1343, 152, 'SAN SEBASTIAN LA ZORRA'),
(1344, 152, 'SANTA LUCIA'),
(1345, 152, 'TEPECHAME'),
(1346, 152, 'TIERRA BLANCA'),
(1347, 152, 'ULAPA'),
(1348, 153, 'CASCO URBANO'),
(1349, 153, 'CORDONCILLO'),
(1350, 153, 'EL ESCOBAL'),
(1351, 153, 'EL LLANO'),
(1352, 153, 'EL ZAPOTE'),
(1353, 153, 'GUADALUPE LA ZORRA'),
(1354, 153, 'LA ANONA'),
(1355, 153, 'LA CALZADA'),
(1356, 153, 'SAN ANTONIO LOS BLANCOS'),
(1357, 153, 'SAN SEBASTIAN EL CHINGO'),
(1358, 153, 'SAN RAFAEL TASAJERA'),
(1359, 154, 'CASCO URBANO'),
(1360, 154, 'EL CACAO'),
(1361, 154, 'GUILIGUISTE'),
(1362, 154, 'DULCE NOMBRE O LA ESCOPETA'),
(1363, 154, 'SAN ANTONIO'),
(1364, 154, 'SAN BENITO'),
(1365, 154, 'SAN JOSE EL TULE'),
(1366, 154, 'SAN NICOLAS'),
(1367, 154, 'VALLE NUEVO'),
(1368, 155, 'CASCO URBANO'),
(1369, 155, 'AGUA ZARCA'),
(1370, 155, 'EL BAÐADERO'),
(1371, 155, 'TEMPISQUE'),
(1372, 156, 'CASCO URBANO'),
(1373, 156, 'AGUA ZARCA'),
(1374, 156, 'AZACUALPA'),
(1375, 156, 'SAN JOSE CALERA'),
(1376, 156, 'CERRO COLORADO'),
(1377, 156, 'EL MESTIZO'),
(1378, 156, 'EL POTRERO'),
(1379, 156, 'LA LABOR'),
(1380, 156, 'LAS HUERTAS'),
(1381, 156, 'LOS HOYOS'),
(1382, 156, 'LOS LLANITOS'),
(1383, 156, 'MAQUILISHUAT'),
(1384, 156, 'NANASTEPEQUE'),
(1385, 156, 'ORATORIO'),
(1386, 156, 'SAN FRANCISCO DEL MONTE'),
(1387, 156, 'SAN FRANCISCO IRAHETA'),
(1388, 156, 'SAN JOSE EL MESTIZO'),
(1389, 156, 'SANTA CRUZ'),
(1390, 156, 'SITIO VIEJO'),
(1391, 157, 'CASCO URBANO'),
(1392, 157, 'EL PLATANAR'),
(1393, 157, 'SAN SEBASTIAN'),
(1394, 157, 'CALERAS'),
(1395, 157, 'SANTA BARBARA'),
(1396, 157, 'LLANO LARGO'),
(1397, 157, 'PALACIOS'),
(1398, 157, 'CAROLINA'),
(1399, 158, 'CASCO URBANO'),
(1400, 158, 'IZCATAL'),
(1401, 158, 'EL AMATE'),
(1402, 158, 'POTRERO DE BATRES'),
(1403, 158, 'LLANO DE LA HACIENDA'),
(1404, 158, 'LOS JOBOS'),
(1405, 158, 'SAN FRANCISCO'),
(1406, 158, 'POTRERO Y TABLA'),
(1407, 159, 'CASCO URBANO'),
(1408, 159, 'COPINOLAPA'),
(1409, 159, 'CUNCHIQUE'),
(1410, 159, 'CUYANTEPEQUE'),
(1411, 159, 'EL CHUNTE'),
(1412, 159, 'EL AGUACATE'),
(1413, 159, 'EL VOLCAN'),
(1414, 159, 'LAS MARIAS'),
(1415, 159, 'LA TRINIDAD'),
(1416, 159, 'LOS LLANITOS'),
(1417, 159, 'LLANO GRANDE'),
(1418, 159, 'PIE DE LA CUESTA'),
(1419, 159, 'RIO GRANDE'),
(1420, 159, 'ROJAS'),
(1421, 159, 'SAN GREGORIO'),
(1422, 159, 'SAN LORENSO'),
(1423, 159, 'SAN MARCOS'),
(1424, 159, 'SAN MATIAS'),
(1425, 159, 'SAN NICOLAS'),
(1426, 159, 'SANTA ROSA LA MARAÐA'),
(1427, 159, 'TEMPISQUE'),
(1428, 159, 'NOMBRE DE DIOS'),
(1429, 159, 'TRONALAGUA'),
(1430, 160, 'CASCO URBANO'),
(1431, 160, 'SAN FRANCISCO ECHEVERRIA'),
(1432, 160, 'EL ZAPOTE'),
(1433, 160, 'SANTA RITA'),
(1434, 160, 'SANTA OLAYA'),
(1435, 160, 'CONCEPCION'),
(1436, 160, 'SAN ANTONIO BUENAVISTA'),
(1437, 161, 'CASCO URBANO'),
(1438, 161, 'AZACUALPA'),
(1439, 161, 'EL CARACOL'),
(1440, 161, 'EL ZAPOTE'),
(1441, 161, 'LA BERMUDA'),
(1442, 161, 'LA UVILLA'),
(1443, 161, 'PARATAO'),
(1444, 161, 'PEÐA BLANCA'),
(1445, 161, 'ROJITAS'),
(1446, 161, 'SAN ANTONIO'),
(1447, 161, 'SAN PEDRO'),
(1448, 161, 'SANTA MARTA'),
(1449, 162, 'CASCO URBANO'),
(1450, 162, 'CAÐAFISTULA'),
(1451, 162, 'CURAREN'),
(1452, 162, 'CHAPELCORO'),
(1453, 162, 'EL RINCON'),
(1454, 162, 'NIQUERESQUE'),
(1455, 162, 'SAN CARLOS'),
(1456, 163, 'CASCO URBANO'),
(1457, 163, 'CALDERAS'),
(1458, 163, 'CUTUMAYO'),
(1459, 163, 'EL GUAYABO'),
(1460, 163, 'LAS MINAS'),
(1461, 163, 'SAN FELIPE'),
(1462, 163, 'SAN JACINTO'),
(1463, 163, 'SAN JOSE LOS ALMENDROS'),
(1464, 163, 'SAN JUAN DE MERINO'),
(1465, 163, 'SAN NICOLAS'),
(1466, 163, 'SAN PEDRO'),
(1467, 164, 'CASCO URBANO'),
(1468, 164, 'JOYA DE MUNGUIA'),
(1469, 164, 'SAN ANTONIO LOS RANCHOS'),
(1470, 164, 'SAN BENITO PIEDRAS GORDAS'),
(1471, 164, 'SAN EMIGDIO EL TABLON'),
(1472, 164, 'SAN FRANCISCO AGUA AGRIA'),
(1473, 164, 'SAN JOSE CARBONERA'),
(1474, 165, 'CASCO URBANO'),
(1475, 165, 'CANDELARIA'),
(1476, 165, 'CERRO GRANDE'),
(1477, 166, 'CASCO URBANO'),
(1478, 166, 'AGUA HELADA'),
(1479, 166, 'EL ROSARIO'),
(1480, 166, 'EL TORTUGUERO'),
(1481, 166, 'SAN JERONIMO'),
(1482, 166, 'SAN JUAN DE MERINO'),
(1483, 166, 'SANTA ROSA'),
(1484, 167, 'CASCO URBANO'),
(1485, 167, 'EL REFUGIO'),
(1486, 167, 'IZCANALES'),
(1487, 167, 'LOS RODRIGUEZ'),
(1488, 167, 'LOS TALPETATES'),
(1489, 168, 'CASCO URBANO'),
(1490, 168, 'AMATITAN ABAJO'),
(1491, 168, 'AMATITAN ARRIBA'),
(1492, 168, 'CERRO DE SAN PEDRO'),
(1493, 168, 'SAN ESTEBAN'),
(1494, 168, 'SAN ILDEFONSO'),
(1495, 168, 'SAN JACINTO LA BURRERA'),
(1496, 168, 'SANTA CATARINA'),
(1497, 169, 'CASCO URBANO'),
(1498, 169, 'CANDELARIA LEMPA'),
(1499, 169, 'GUACHIPILIN'),
(1500, 169, 'LAJAS Y CANOAS'),
(1501, 169, 'SAN FRANCISCO'),
(1502, 169, 'SAN LORENZO'),
(1503, 169, 'SAN PABLO CAÐALES'),
(1504, 170, 'CASCO URBANO'),
(1505, 170, 'SAN FRANCISCO'),
(1506, 170, 'LA CRUZ'),
(1507, 170, 'LAS ANIMAS'),
(1508, 170, 'SANTA LUCIA'),
(1509, 171, 'CASCO URBANO'),
(1510, 171, 'EL PARAISO'),
(1511, 171, 'EL PORVENIR AGUACAYO'),
(1512, 171, 'LA ESPERANZA'),
(1513, 171, 'LAS ROSAS'),
(1514, 171, 'LOS LAURELES'),
(1515, 171, 'SAN FRANCISCO'),
(1516, 171, 'SAN JOSE LA LABOR'),
(1517, 171, 'SANTA ELENA'),
(1518, 171, 'SANTA TERESA'),
(1519, 172, 'CASCO URBANO'),
(1520, 172, 'ANTON FLORES'),
(1521, 172, 'SAN FRANCISCO CHAMOCO'),
(1522, 172, 'CHUCUYO'),
(1523, 172, 'DOS QUEBRADAS'),
(1524, 172, 'EL CARACOL'),
(1525, 172, 'EL MARQUEZADO'),
(1526, 172, 'EL OBRAJUELO LEMPA'),
(1527, 172, 'EL REBELDE'),
(1528, 172, 'LA JOYA'),
(1529, 172, 'LA SOLEDAD'),
(1530, 172, 'LEON DE PIEDRA'),
(1531, 172, 'LOS LAURELES'),
(1532, 172, 'LOS POZOS'),
(1533, 172, 'LLANOS DE ACHICHILCO'),
(1534, 172, 'PARRAS LEMPA'),
(1535, 172, 'SAN ANTONIO ACHICHILQUITO'),
(1536, 172, 'SAN ANTONIO CAMINOS'),
(1537, 172, 'SAN ANTONIO TRAS EL CERRO'),
(1538, 172, 'SAN BARTOLO ICHANMICO'),
(1539, 172, 'SAN DIEGO'),
(1540, 172, 'SAN JACINTO'),
(1541, 172, 'SAN JOSE RIO FRIO'),
(1542, 172, 'SAN JUAN BUENA VISTA'),
(1543, 172, 'SAN RAFAEL SAN DIEGO'),
(1544, 172, 'SANTA GERTRUDIS'),
(1545, 172, 'VOLCAN OPICO'),
(1546, 173, 'CASCO URBANO'),
(1547, 173, 'BARRIO NUEVO'),
(1548, 173, 'EL ARCO'),
(1549, 173, 'EL CAMPANARIO'),
(1550, 173, 'EL CARAO'),
(1551, 173, 'EL COYOLITO'),
(1552, 173, 'EL PACUN'),
(1553, 173, 'EL PALOMAR'),
(1554, 173, 'EL PERICAL'),
(1555, 173, 'EL PUENTE'),
(1556, 173, 'EL SOCORRO'),
(1557, 173, 'LA ESPERANZA'),
(1558, 173, 'LAS ANONAS'),
(1559, 173, 'SAN CARLOS'),
(1560, 173, 'SAN FERNANDO'),
(1561, 173, 'SAN FRANCISCO ANGULO'),
(1562, 173, 'SAN JOSE LLANO GRANDE'),
(1563, 173, 'SAN NICOLAS LEMPA'),
(1564, 173, 'SAN RAMON GRIFAL'),
(1565, 173, 'SANTA BARBARA'),
(1566, 173, 'EL PORRILLO'),
(1567, 173, 'LAS MESAS'),
(1568, 173, 'SAN ANDRES LOS ACHIOTES'),
(1569, 173, 'SAN BENITO'),
(1570, 173, 'SANTA CRUZ'),
(1571, 174, 'CASCO URBANO'),
(1572, 174, 'CONCEPCION DE CAÐAS'),
(1573, 174, 'LA VIRGEN'),
(1574, 174, 'LOMA ALTA'),
(1575, 175, 'CASCO URBANO'),
(1576, 175, 'EL CARMEN'),
(1577, 175, 'MOLINEROS'),
(1578, 175, 'SAN ANTONIO JIBOA'),
(1579, 175, 'SAN ISIDRO'),
(1580, 175, 'SAN JERONIMO LIMON'),
(1581, 175, 'SAN JOSE BORJA'),
(1582, 175, 'SAN JUAN BUENAVISTA'),
(1583, 175, 'SAN PEDRO AGUA CALIENTE'),
(1584, 11, 'CASCO URBANO'),
(1585, 11, 'APASTEPEQUE'),
(1586, 11, 'EL QUEBRACHO'),
(1587, 11, 'ZAPOTILLO'),
(1588, 11, 'YOMO'),
(1589, 11, 'LA PEÐA'),
(1590, 11, 'SAN JUAN'),
(1591, 11, 'LAS CASITAS'),
(1592, 11, 'SAN JOSE LA MONTAÐITA'),
(1593, 12, 'CASCO URBANO'),
(1594, 12, 'COLON'),
(1595, 12, 'CONCEPCION'),
(1596, 12, 'EL COROZAL'),
(1597, 12, 'EL TABLON'),
(1598, 12, 'LAS DELICIAS'),
(1599, 12, 'LAS PILETAS'),
(1600, 12, 'TALPETATES'),
(1601, 12, 'SAN FELIPE'),
(1602, 12, 'SAN FRANCISCO'),
(1603, 12, 'SAN ISIDRO'),
(1604, 12, 'SAN JOSE'),
(1605, 12, 'SAN JUAN LOMA ALTA'),
(1606, 12, 'SAN LORENZO'),
(1607, 12, 'SANTA CRUZ'),
(1608, 12, 'VIRGINIA'),
(1609, 12, 'LA UNION'),
(1610, 178, 'CASCO URBANO'),
(1611, 178, 'EL POZON'),
(1612, 179, 'CASCO URBANO'),
(1613, 179, 'EL CAÐAL'),
(1614, 179, 'EL PARAISAL'),
(1615, 179, 'EL PORVENIR'),
(1616, 179, 'HACIENDA NUEVA'),
(1617, 179, 'LA ANCHILA'),
(1618, 179, 'LA DANTA'),
(1619, 179, 'SAN FELIPE'),
(1620, 179, 'SAN ILDEFONSO'),
(1621, 179, 'SAN ANTONIO'),
(1622, 180, 'CASCO URBANO'),
(1623, 180, 'EL PALON'),
(1624, 180, 'EL JICARITO'),
(1625, 180, 'SAN ANTONIO'),
(1626, 180, 'LAS PALMERAS'),
(1627, 181, 'CASCO URBANO'),
(1628, 181, 'ANALCO'),
(1629, 181, 'LA CEIBA'),
(1630, 181, 'LOS ENCUENTROS'),
(1631, 181, 'MACULIS'),
(1632, 181, 'PIEDRA ANCHA'),
(1633, 182, 'CASCO URBANO'),
(1634, 182, 'CONDADILLO'),
(1635, 182, 'EL CARAGUAL'),
(1636, 182, 'EL OJUSHTE'),
(1637, 182, 'EL TECOMATAL'),
(1638, 182, 'EL ESCARBADERO'),
(1639, 182, 'LA CRUZ'),
(1640, 182, 'POTRERO DE JOBO'),
(1641, 182, 'SAN PEDRO'),
(1642, 182, 'SITIO DE SAN ANTONIO'),
(1643, 183, 'CASCO URBANO'),
(1644, 183, 'BOLIVAR'),
(1645, 183, 'CABOS NEGROS'),
(1646, 183, 'CALIFORNIA'),
(1647, 183, 'EL CARMEN'),
(1648, 183, 'CEIBA GACHA'),
(1649, 183, 'LAS DELICIAS'),
(1650, 183, 'EL CARRIZAL'),
(1651, 183, 'EL CASTAÐO'),
(1652, 183, 'EL COYOLITO'),
(1653, 183, 'EL PARAISO'),
(1654, 183, 'HULE CHACHO'),
(1655, 183, 'ISLA DE MENDEZ'),
(1656, 183, 'LA CANOA'),
(1657, 183, 'LA CONCORDIA'),
(1658, 183, 'CRUZADILLA DE SAN JUAN'),
(1659, 183, 'LA MONTAÐA'),
(1660, 183, 'LA NORIA'),
(1661, 183, 'LAS FLORES'),
(1662, 183, 'LA TIRANA'),
(1663, 183, 'LOS CAMPOS'),
(1664, 183, 'LAS MESITAS'),
(1665, 183, 'LOS LIMONES'),
(1666, 183, 'LOS TRES CHORROS'),
(1667, 183, 'NUEVA CALIFORNIA'),
(1668, 183, 'PUERTO AVALOS'),
(1669, 183, 'EL ROQUINTE'),
(1670, 183, 'SALINAS EL POTRERO'),
(1671, 183, 'SALINAS DE SISIGUAYO'),
(1672, 183, 'ZAMORAN'),
(1673, 183, 'SAN ANTONIO POTRERILLOS'),
(1674, 183, 'SAN JOSE O LA CARRERA'),
(1675, 183, 'SAN JUAN DEL GOZO'),
(1676, 183, 'SAN JUDAS'),
(1677, 183, 'SAN MARCOS LEMPA'),
(1678, 183, 'SAN PEDRO'),
(1679, 183, 'TABURETE LOS CLAROS'),
(1680, 183, 'TABURETE JAGUAL'),
(1681, 183, 'TIERRA BLANCA O NUEVA ESPERANZA'),
(1682, 183, 'EL MARILLO'),
(1683, 183, 'SAN JUAN DE LETRAN'),
(1684, 183, 'AGUACAYO'),
(1685, 184, 'CASCO URBANO'),
(1686, 184, 'EL AMATON'),
(1687, 184, 'EL CHAGUITE'),
(1688, 184, 'EL NISPERO'),
(1689, 184, 'LLANO EL CHILAMATE'),
(1690, 184, 'LLANO GRANDE DE LAS PIEDRAS'),
(1691, 184, 'PLAN GRANDE'),
(1692, 184, 'LOMA DE LA CRUZ'),
(1693, 184, 'TAPESQUILLO BAJO'),
(1694, 184, 'TAPESQUILLO ALTO'),
(1695, 185, 'CASCO URBANO'),
(1696, 185, 'EL JICARO'),
(1697, 185, 'EL JUTAL'),
(1698, 185, 'EL LLANO'),
(1699, 185, 'EL PROGRESO'),
(1700, 185, 'EL ZAPOTE'),
(1701, 185, 'LA CRUZ'),
(1702, 185, 'SAMURIA'),
(1703, 186, 'CASCO URBANO'),
(1704, 186, 'EL CAULOTE'),
(1705, 186, 'EL JICARO'),
(1706, 186, 'EL JOCOTILLO'),
(1707, 186, 'TALNETES'),
(1708, 186, 'LA PUERTA'),
(1709, 186, 'LOS HORCONES'),
(1710, 186, 'LA MONTAÐITA'),
(1711, 186, 'SAN BENITO'),
(1712, 186, 'SANTA ANITA'),
(1713, 187, 'CASCO URBANO'),
(1714, 187, 'AZACUALPIA DE GUALCHO'),
(1715, 187, 'AZAZCUALPIA DE JOCO'),
(1716, 187, 'EL AMATILLO'),
(1717, 187, 'JOCOMONTIQUE'),
(1718, 187, 'LA ISLETA'),
(1719, 187, 'LAS LLAVES'),
(1720, 187, 'LA PALOMILLA'),
(1721, 187, 'LE PAZ'),
(1722, 187, 'NUEVO CARRIZAL'),
(1723, 187, 'POTRERO DE JOCO'),
(1724, 187, 'SAN JOSE'),
(1725, 188, 'CASCO URBANO'),
(1726, 188, 'EL DELIRIO'),
(1727, 188, 'EL PALMITAL'),
(1728, 188, 'JOYA DEL PILAR'),
(1729, 188, 'LA BREÐA'),
(1730, 188, 'LA POZA'),
(1731, 188, 'LAS TRANCAS'),
(1732, 189, 'CASCO URBANO'),
(1733, 189, 'CORRAL DE MULAS'),
(1734, 189, 'EL ESPIRITU SANTO'),
(1735, 189, 'EL SITIO SANTA LUCIA'),
(1736, 189, 'MADRESAL'),
(1737, 190, 'CASCO URBANO'),
(1738, 190, 'LOS ARROZALES'),
(1739, 190, 'EL CEDRO'),
(1740, 190, 'EL COROZO'),
(1741, 190, 'EL JICARO'),
(1742, 190, 'EL JOCOTE'),
(1743, 190, 'GALINGAGUA'),
(1744, 190, 'JOBAL ARROZALES'),
(1745, 190, 'LA CEIBA'),
(1746, 190, 'LA MORA'),
(1747, 190, 'LA QUESERA'),
(1748, 190, 'LINARES CAULOTAL'),
(1749, 190, 'BUENOS AIRES'),
(1750, 190, 'LOS PLANES'),
(1751, 190, 'NOMBRE DE DIOS'),
(1752, 190, 'LAS TRES CALLES'),
(1753, 190, 'EUCALIPTO'),
(1754, 191, 'CASCO URBANO'),
(1755, 191, 'EL ACEITUNO'),
(1756, 191, 'EL SEMILLERO'),
(1757, 191, 'LA CARIDAD'),
(1758, 191, 'LA TRONCONADA'),
(1759, 191, 'LAS CHARCAS'),
(1760, 191, 'LOS ESPINOS'),
(1761, 192, 'CASCO URBANO'),
(1762, 192, 'MUNDO NUEVO'),
(1763, 192, 'IGLESIA VIEJA'),
(1764, 192, 'SAN FRANCISCO'),
(1765, 193, 'CASCO URBANO'),
(1766, 193, 'EL NANZAL'),
(1767, 193, 'EL NISPERAL'),
(1768, 193, 'EL REBALSE'),
(1769, 193, 'EL VOLCAN'),
(1770, 193, 'JOYA ANCHA ABAJO'),
(1771, 193, 'JOYA ANCHA ARRIBA'),
(1772, 193, 'LAS CRUCES'),
(1773, 193, 'EL AMATE'),
(1774, 193, 'PIEDRA DE AGUA'),
(1775, 194, 'CASCO URBANO'),
(1776, 194, 'EL PALMO'),
(1777, 194, 'EL TABLON'),
(1778, 194, 'EL ZUNGANO'),
(1779, 194, 'JOBAL HORNOS'),
(1780, 194, 'LA CRUZ'),
(1781, 194, 'LA PEÐA'),
(1782, 194, 'LOS HORCONES'),
(1783, 194, 'LOS HORNOS'),
(1784, 194, 'LOS RIOS'),
(1785, 195, 'CASCO URBANO'),
(1786, 195, 'MEJICAPA'),
(1787, 195, 'SAN FRANCISCO'),
(1788, 196, 'CASCO URBANO'),
(1789, 196, 'EL MARQUEZADO'),
(1790, 196, 'EL TIGRE'),
(1791, 196, 'LAS FLORES'),
(1792, 196, 'PLAYITAS'),
(1793, 196, 'LOMA LOS GONZALES'),
(1794, 196, 'LOS BATRES'),
(1795, 197, 'CASCO URBANO'),
(1796, 197, 'CERRO VERDE'),
(1797, 197, 'EL JICARO'),
(1798, 197, 'PASO DE GUALACHE'),
(1799, 197, 'LOS CHAPETONES'),
(1800, 197, 'LOS HORCONES'),
(1801, 198, 'CASCO URBANO'),
(1802, 198, 'EL CERRITO'),
(1803, 198, 'TALPETATE'),
(1804, 198, 'EL TRILLO'),
(1805, 198, 'EL OJUSHTE'),
(1806, 198, 'LAS SALINAS'),
(1807, 198, 'LA PRESA'),
(1808, 198, 'LA LAGUNA'),
(1809, 198, 'JOYA DEL TOMASITO'),
(1810, 198, 'LA PEÐA'),
(1811, 198, 'PALO GALAN'),
(1812, 198, 'CAPITAN LAZO'),
(1813, 198, 'LOS DESMONTES'),
(1814, 198, 'OBRAJUELO'),
(1815, 198, 'SANTA BARBARA'),
(1816, 198, 'OJO DE AGUA'),
(1817, 199, 'CASCO URBANO'),
(1818, 199, 'LA CEIBITA'),
(1819, 199, 'LA ORILLA'),
(1820, 199, 'MIRACAPA'),
(1821, 199, 'ROSAS NACASPILO'),
(1822, 199, 'SOLEDAD TERRERA'),
(1823, 200, 'CASCO URBANO'),
(1824, 200, 'BELEN'),
(1825, 200, 'GUANACASTE'),
(1826, 200, 'LLANO EL ANGEL'),
(1827, 200, 'NUEVO PORVENIR'),
(1828, 200, 'SAN CRISTOBAL'),
(1829, 200, 'SAN JUAN'),
(1830, 200, 'SAN LUISITO'),
(1831, 200, 'LA MONTAÐITA'),
(1832, 200, 'SAN MATIAS'),
(1833, 200, 'TEPONAHUASTE'),
(1834, 200, 'LAS TORRECILLAS'),
(1835, 201, 'CASCO URBANO'),
(1836, 201, 'EL HORMIGUERO'),
(1837, 201, 'EL COLORADO'),
(1838, 201, 'EL JICARAL'),
(1839, 201, 'CANDELARIA'),
(1840, 201, 'PLATANARILLO'),
(1841, 202, 'CASCO URBANO'),
(1842, 202, 'CERCAS DE PIEDRA'),
(1843, 202, 'GUALAMA'),
(1844, 202, 'LA TRINIDAD'),
(1845, 202, 'SAN JERONIMO'),
(1846, 202, 'SAN PEDRO'),
(1847, 202, 'LOS AMATES'),
(1848, 203, 'CASCO URBANO'),
(1849, 203, 'BOQUERON'),
(1850, 203, 'CONACASTAL'),
(1851, 203, 'COPINOL PRIMERO'),
(1852, 203, 'COPINOL SEGUNDO'),
(1853, 203, 'EL JOCOTE'),
(1854, 203, 'JOCOTE DULCE'),
(1855, 203, 'LA CRUZ PRIMERA'),
(1856, 203, 'LA CRUZ SEGUNDA'),
(1857, 203, 'LA PEÐA'),
(1858, 203, 'LAS MESAS'),
(1859, 203, 'PLANES PRIMERO'),
(1860, 203, 'PLANES TERCERO'),
(1861, 203, 'OJO DE AGUA'),
(1862, 203, 'OROMONTIQUE'),
(1863, 203, 'SAN ANTONIO'),
(1864, 203, 'SAN PEDRO ARENALES'),
(1865, 203, 'ZARAGOZA'),
(1866, 203, 'LAS MARIAS'),
(1867, 203, 'CHAMBALA'),
(1868, 204, 'CASCO URBANO'),
(1869, 204, 'EL CAPULIN'),
(1870, 204, 'CHILANGUERA'),
(1871, 204, 'GUADALUPE'),
(1872, 204, 'HOJA DE SAL'),
(1873, 204, 'LA ESTRECHURA'),
(1874, 204, 'NUEVA CONCEPCION'),
(1875, 204, 'SAN JOSE GUALOZO'),
(1876, 204, 'SAN PEDRO'),
(1877, 204, 'TIERRA BLANCA'),
(1878, 205, 'CASCO URBANO'),
(1879, 205, 'CALLE NUEVA'),
(1880, 205, 'LLANO DEL COYOL'),
(1881, 205, 'PRIMAVERA'),
(1882, 205, 'MOROPALA'),
(1883, 206, 'CASCO URBANO'),
(1884, 206, 'AMAYA'),
(1885, 206, 'CONCEPCION'),
(1886, 206, 'EL JICARO'),
(1887, 206, 'EL NANCITO'),
(1888, 206, 'EL PALON'),
(1889, 206, 'LAS VENTAS'),
(1890, 206, 'SAN FRANCISCO'),
(1891, 206, 'SANTA BARBARA'),
(1892, 206, 'VALENCIA'),
(1893, 207, 'CASCO URBANO'),
(1894, 207, 'EL CERRO'),
(1895, 207, 'EL JOBO'),
(1896, 207, 'EL PAPALON'),
(1897, 207, 'EL PLATANAR'),
(1898, 207, 'EL RODEO'),
(1899, 207, 'LA ESTANCIA'),
(1900, 207, 'LA FRAGUA'),
(1901, 207, 'LOS EJIDOS'),
(1902, 207, 'SALAMAR'),
(1903, 207, 'SANTA BARBARA'),
(1904, 207, 'TONGOLONA'),
(1905, 207, 'VALLE ALEGRE'),
(1906, 208, 'CASCO URBANO'),
(1907, 208, 'LOS PLANES DE SAN SEBASTIAN'),
(1908, 208, 'SAN LUIS'),
(1909, 208, 'PLANES PRIMERO'),
(1910, 208, 'PLANES SEGUNDO'),
(1911, 208, 'PLANES TERCERO'),
(1912, 209, 'CASCO URBANO'),
(1913, 209, 'CUCURUCHO'),
(1914, 209, 'JARDIN'),
(1915, 209, 'LOS LAURELES'),
(1916, 209, 'MONTECILLOS'),
(1917, 209, 'OJEO'),
(1918, 209, 'QUESERAS'),
(1919, 209, 'SAN SEBASTIAN'),
(1920, 210, 'CASCO URBANO'),
(1921, 210, 'OBRAJUELO'),
(1922, 210, 'EL TAMBORAL'),
(1923, 210, 'SAN JOSE'),
(1924, 210, 'SAN ANTONIO'),
(1925, 211, 'CASCO URBANO'),
(1926, 211, 'SAN DIEGO'),
(1927, 211, 'SAN MARCOS'),
(1928, 212, 'CASCO URBANO'),
(1929, 212, 'LA LAGUNA'),
(1930, 212, 'LA JOYA'),
(1931, 212, 'EL QUEBRACHO'),
(1932, 212, 'SAN JERONIMO'),
(1933, 213, 'CASCO URBANO'),
(1934, 213, 'CANDELARIA'),
(1935, 213, 'JOYA DE VENTURA'),
(1936, 213, 'LA CEIBA'),
(1937, 213, 'LA MORITA'),
(1938, 213, 'SAN JULIAN'),
(1939, 214, 'CASCO URBANO'),
(1940, 214, 'EL JUNQUILLO'),
(1941, 214, 'EL OSTUCAL'),
(1942, 214, 'SAN ANTONIO'),
(1943, 214, 'SAN JUAN'),
(1944, 215, 'CASCO URBANO'),
(1945, 215, 'ALTOMIRO'),
(1946, 215, 'ANCHICO'),
(1947, 215, 'CERRO BONITO'),
(1948, 215, 'CONCEPCION COROZAL'),
(1949, 215, 'EL HABILLAL'),
(1950, 215, 'EL JUTE'),
(1951, 215, 'EL NIÐO'),
(1952, 215, 'EL PAPALON'),
(1953, 215, 'EL PROGRESO'),
(1954, 215, 'EL SITIO'),
(1955, 215, 'EL TECOMATAL'),
(1956, 215, 'EL VOLCAN'),
(1957, 215, 'HATO NUEVO'),
(1958, 215, 'JALACATAL'),
(1959, 215, 'LA CONOA'),
(1960, 215, 'LA PUERTA'),
(1961, 215, 'LA TRINIDAD'),
(1962, 215, 'LAS DELICIAS'),
(1963, 215, 'LAS LOMITAS'),
(1964, 215, 'MIRAFLORES'),
(1965, 215, 'MONTE GRANDE'),
(1966, 215, 'SAN ANDRES'),
(1967, 215, 'SAN ANTONIO CHAVEZ'),
(1968, 215, 'SAN CARLOS'),
(1969, 215, 'SAN JACINTO'),
(1970, 215, 'SANTA INES'),
(1971, 215, 'EL AMATE'),
(1972, 215, 'EL BRAZO'),
(1973, 215, 'EL DELIRIO'),
(1974, 215, 'EL DIVISADERO'),
(1975, 215, 'EL ZAMORAN'),
(1976, 215, 'SAN ANTONIO SILVA'),
(1977, 216, 'CASCO URBANO'),
(1978, 216, 'LOS ZELAYA'),
(1979, 216, 'PIEDRA AZUL'),
(1980, 216, 'RODEO DE PIEDRON'),
(1981, 216, 'SANTA CLARA'),
(1982, 217, 'CASCO URBANO'),
(1983, 217, 'CHARLACA'),
(1984, 217, 'EL ESPIRITU SANTO'),
(1985, 217, 'EL TABLON'),
(1986, 217, 'LAS MESAS'),
(1987, 217, 'MANAGUARA'),
(1988, 217, 'MAZATEPEQUE'),
(1989, 217, 'MINITAS'),
(1990, 217, 'PETACONES'),
(1991, 217, 'SAN JACINTO'),
(1992, 217, 'SAN SEBASTIAN'),
(1993, 217, 'SANTA ROSA'),
(1994, 218, 'CASCO URBANO'),
(1995, 218, 'JUAN YANEZ'),
(1996, 218, 'LOS PILONES'),
(1997, 218, 'RIO VARGAS'),
(1998, 219, 'CASCO URBANO'),
(1999, 219, 'TIERRA COLORADA'),
(2000, 219, 'PUEBLO VIEJO'),
(2001, 220, 'CASCO URBANO'),
(2002, 220, 'AGUA BLANCA'),
(2003, 220, 'CALAVERA'),
(2004, 220, 'GUACHIPILIN'),
(2005, 220, 'JUNQUILLO'),
(2006, 220, 'LA ESTANCIA'),
(2007, 220, 'OCOTILLO'),
(2008, 220, 'SUNSULAPA'),
(2009, 221, 'CASCO URBANO'),
(2010, 221, 'CORRALITO'),
(2011, 221, 'HONDABLE'),
(2012, 221, 'LA LAGUNA'),
(2013, 221, 'SAN FELIPE'),
(2014, 221, 'VARILLA NEGRA'),
(2015, 222, 'CASCO URBANO'),
(2016, 222, 'EL CHAPARRAL'),
(2017, 222, 'EL PEDERNAL'),
(2018, 222, 'PIEDRA PARADA'),
(2019, 222, 'JOYA DEL MATAZANO'),
(2020, 222, 'LAJITAS'),
(2021, 223, 'CASCO URBANO'),
(2022, 223, 'EL VOLCAN'),
(2023, 223, 'LA CUCHILLA'),
(2024, 224, 'CASCO URBANO'),
(2025, 224, 'LOMA LARGA'),
(2026, 224, 'VILLA MODELO'),
(2027, 224, 'LOMA TENDIDA'),
(2028, 224, 'LLANO DE SANTIAGO'),
(2029, 224, 'SAN PEDRO RIO SECO'),
(2030, 224, 'SANTA ANITA'),
(2031, 224, 'NOMBRE DE JESUS'),
(2032, 225, 'CASCO URBANO'),
(2033, 225, 'OJO DE AGUA'),
(2034, 225, 'LA LAGUNA'),
(2035, 226, 'CASCO URBANO'),
(2036, 226, 'SAN LUCAS'),
(2037, 226, 'LA JOYA'),
(2038, 227, 'CASCO URBANO'),
(2039, 227, 'SAN BARTOLO'),
(2040, 227, 'MAIGUERA'),
(2041, 227, 'EL VOLCAN'),
(2042, 227, 'SIRIGUAL'),
(2043, 227, 'PAJIGUA'),
(2044, 227, 'LOS ABELINES'),
(2045, 228, 'CASCO URBANO'),
(2046, 228, 'PATURLA'),
(2047, 228, 'VOLCANCILLO'),
(2048, 228, 'EL ZAPOTAL'),
(2049, 229, 'CASCO URBANO'),
(2050, 229, 'EL RODEO'),
(2051, 229, 'EL VOLCANCILLO'),
(2052, 230, 'CASCO URBANO'),
(2053, 230, 'LAS MARIAS'),
(2054, 230, 'SAN JOSE'),
(2055, 230, 'LOS LAURELES'),
(2056, 230, 'LAGUNETAS'),
(2057, 230, 'SAN JUAN'),
(2058, 230, 'SAN FELIPE'),
(2059, 230, 'GUACHIPILIN'),
(2060, 230, 'FLAMENCO'),
(2061, 231, 'CASCO URBANO'),
(2062, 231, 'GUALINDO'),
(2063, 231, 'LA MANZANILLA'),
(2064, 232, 'CASCO URBANO'),
(2065, 232, 'CERRO PANDO'),
(2066, 232, 'LA JOYA'),
(2067, 232, 'SOLEDAD'),
(2068, 232, 'GUACAMAYA'),
(2069, 233, 'CASCO URBANO'),
(2070, 233, 'AGUA ZARCA'),
(2071, 233, 'CERRO COYOL'),
(2072, 233, 'HUILIHUISTE'),
(2073, 233, 'LA MONTAÐA'),
(2074, 233, 'LLANO ALEGRE'),
(2075, 234, 'CASCO URBANO'),
(2076, 234, 'CASA BLANCA'),
(2077, 234, 'SABANETAS'),
(2078, 234, 'EL CARRIZAL'),
(2079, 235, 'CASCO URBANO'),
(2080, 235, 'SAN DIEGO'),
(2081, 235, 'LA JAGUA'),
(2082, 235, 'SAN MARCOS'),
(2083, 235, 'VALLE NUEVO'),
(2084, 236, 'CASCO URBANO'),
(2085, 236, 'AZACUALPA'),
(2086, 236, 'CAÐAVERALES'),
(2087, 237, 'CASCO URBANO'),
(2088, 237, 'CACAHUATALEJO'),
(2089, 237, 'EL NORTE'),
(2090, 237, 'EL ROSARIO'),
(2091, 237, 'EL TRIUNFO'),
(2092, 237, 'SAN FRANCISQUITO'),
(2093, 237, 'SAN JOSE'),
(2094, 238, 'CASCO URBANO'),
(2095, 238, 'EL ROSARIO'),
(2096, 238, 'PIEDRA PARADA'),
(2097, 239, 'CASCO URBANO'),
(2098, 239, 'EL CARRIZAL'),
(2099, 239, 'EL CERRO'),
(2100, 239, 'LAS QUEBRADAS'),
(2101, 239, 'POTRERO ADENTRO'),
(2102, 239, 'VALLE GRANDE'),
(2103, 240, 'CASCO URBANO'),
(2104, 240, 'EL LIMON'),
(2105, 240, 'EL RODEO'),
(2106, 241, 'CASCO URBANO'),
(2107, 241, 'ANIMAS'),
(2108, 241, 'EL BEJUCAL'),
(2109, 241, 'CAPULES'),
(2110, 241, 'CANDELARIA'),
(2111, 241, 'EL PEÐON'),
(2112, 241, 'EL TABLON'),
(2113, 241, 'LABRANZA'),
(2114, 241, 'LA JOYA'),
(2115, 242, 'CASCO URBANO'),
(2116, 242, 'AGUA ZARCA'),
(2117, 242, 'CERRITOS'),
(2118, 242, 'EL PROGRESO'),
(2119, 242, 'TIJERETAS'),
(2120, 243, 'CASCO URBANO'),
(2121, 243, 'JOYA DEL MATAZANO'),
(2122, 243, 'LOMA DEL CHILE'),
(2123, 243, 'SAN FRANCISQUITO'),
(2124, 243, 'SAN JUAN DE LA CRUZ'),
(2125, 244, 'CASCO URBANO'),
(2126, 244, 'EL ACEITUNO'),
(2127, 244, 'EL VOLCAN'),
(2128, 245, 'CASCO URBANO'),
(2129, 245, 'AGUA BLANCA'),
(2130, 245, 'CORDONCILLO'),
(2131, 245, 'CARBONAL'),
(2132, 245, 'EL CEDRO'),
(2133, 245, 'HUERTAS VIEJAS'),
(2134, 245, 'TERRERITOS'),
(2135, 245, 'TIZATE'),
(2136, 245, 'TULIMA'),
(2137, 246, 'CASCO URBANO'),
(2138, 246, 'ALBORNOZ'),
(2139, 246, 'CANDELARIA ALBORNOZ'),
(2140, 246, 'EL TRANSITO'),
(2141, 246, 'GUADALUPE'),
(2142, 246, 'LA PAZ'),
(2143, 246, 'LA RINCONADA'),
(2144, 246, 'NUEVA GUADALUPE'),
(2145, 246, 'SANTA LUCIA'),
(2146, 247, 'CASCO URBANO'),
(2147, 247, 'EL MOLINO'),
(2148, 247, 'EL ZAPOTE'),
(2149, 247, 'EL GUAYABO'),
(2150, 247, 'GUARIPE'),
(2151, 248, 'CASCO URBANO'),
(2152, 248, 'CONCHAG?ITA'),
(2153, 248, 'EL CACAO'),
(2154, 248, 'CERRO EL JIOTE'),
(2155, 248, 'EL CIPRES'),
(2156, 248, 'EL FARO'),
(2157, 248, 'GUISQUIL'),
(2158, 248, 'EL PILON'),
(2159, 248, 'EL TAMARINDO'),
(2160, 248, 'LOS ANGELES'),
(2161, 248, 'LLANO DE LOS PATOS'),
(2162, 248, 'MAQUIGUE'),
(2163, 248, 'PIEDRA BLANCA'),
(2164, 248, 'PIEDRA RAYADA'),
(2165, 248, 'YOLOGUAL'),
(2166, 249, 'CASCO URBANO'),
(2167, 249, 'ALTO EL ROBLE'),
(2168, 249, 'EL CAULOTILLO'),
(2169, 249, 'EL GAVILAN'),
(2170, 249, 'EL PICHE'),
(2171, 249, 'EL TEJAR'),
(2172, 249, 'EL ZAPOTAL'),
(2173, 249, 'LA CAÐADA'),
(2174, 249, 'LAS PITAS'),
(2175, 249, 'LOS CONEJOS'),
(2176, 249, 'OLOMEGA'),
(2177, 249, 'SALALAGUA'),
(2178, 250, 'CASCO URBANO'),
(2179, 250, 'CANAIRE'),
(2180, 250, 'EL RINCON'),
(2181, 250, 'SAN JUAN GUALARE'),
(2182, 250, 'SANTA ROSITA'),
(2183, 250, 'EL TALPETATE'),
(2184, 251, 'CASCO URBANO'),
(2185, 251, 'CHICHIPATE'),
(2186, 251, 'EL CARAO'),
(2187, 251, 'LA LEONA'),
(2188, 252, 'CASCO URBANO'),
(2189, 252, 'AGUA CALIENTE'),
(2190, 252, 'AGUA ESCONDIDA'),
(2191, 252, 'AMAPALITA'),
(2192, 252, 'EL COYOLITO'),
(2193, 252, 'EL JICARO'),
(2194, 252, 'ISLA ZACATILLO'),
(2195, 252, 'LA QUEZADILLA'),
(2196, 252, 'LAS CHACHAS'),
(2197, 252, 'LOMA LARGA'),
(2198, 252, 'SIRAMA'),
(2199, 252, 'TIHUILOTAL'),
(2200, 252, 'ISLA PERICO'),
(2201, 253, 'CASCO URBANO'),
(2202, 253, 'AGUA FRIA'),
(2203, 253, 'EL DERRUMBADO'),
(2204, 253, 'GUAJINIQUIL'),
(2205, 253, 'EL TERRERO'),
(2206, 253, 'HIGUERAS'),
(2207, 253, 'LAS PILAS'),
(2208, 254, 'CASCO URBANO'),
(2209, 254, 'CONACASTAL O GUANACASTAL'),
(2210, 254, 'EL COROZAL'),
(2211, 254, 'EL SALVADOR O EL ZAMBULLIDO'),
(2212, 254, 'GUERRERO O EL MAJAHUAL'),
(2213, 254, 'ISLA CONCHAGUITA'),
(2214, 254, 'ISLA MEANGUERITA'),
(2215, 254, 'LA NEGRA'),
(2216, 254, 'LA PERIQUERA'),
(2217, 255, 'CASCO URBANO'),
(2218, 255, 'EL PORTILLO'),
(2219, 255, 'HONDURITAS'),
(2220, 255, 'LAS MARIAS'),
(2221, 255, 'MONTECA'),
(2222, 255, 'OCOTILLO'),
(2223, 255, 'TALPETATE'),
(2224, 256, 'CASCO URBANO'),
(2225, 256, 'CERRO PELON'),
(2226, 256, 'EL REBALSE'),
(2227, 256, 'EL TABLON'),
(2228, 256, 'HORCONES'),
(2229, 256, 'PIEDRAS BLANCAS'),
(2230, 256, 'SAN EDUARDO'),
(2231, 256, 'SAN FELIPE'),
(2232, 256, 'SANTA CLARA'),
(2233, 256, 'VALLE AFUERA'),
(2234, 257, 'CASCO URBANO'),
(2235, 257, 'BOQUIN'),
(2236, 257, 'CARPINTERO'),
(2237, 257, 'LAJITAS'),
(2238, 257, 'MALA LAJA'),
(2239, 257, 'EL OCOTE'),
(2240, 257, 'EL PUEBLO'),
(2241, 257, 'EL RODEO'),
(2242, 258, 'CASCO URBANO'),
(2243, 258, 'AGUA FRIA'),
(2244, 258, 'BOBADILLA'),
(2245, 258, 'CEIBILLAS'),
(2246, 258, 'CERCO DE PIEDRA'),
(2247, 258, 'EL COPALIO'),
(2248, 258, 'EL CARAGON'),
(2249, 258, 'EL TAMARINDO'),
(2250, 258, 'EL TIZATILLO'),
(2251, 258, 'HATO NUEVO'),
(2252, 258, 'LAS QUESERAS'),
(2253, 258, 'LOS JIOTES'),
(2254, 258, 'MOGOTILLO',),
(2255, 258, 'SAN JERONIMO',),
(2256, 258, 'SANTA CRUZ',),
(2257, 258, 'TERRERO BLANCO',),
(2258, 259, 'CASCO URBANO',),
(2259, 259, 'CHAGUITILLO',),
(2260, 259, 'EL ZAPOTE',),
(2261, 259, 'LA JOYA',),
(2262, 259, 'EL SOMBRERITO',),
(2263, 260, 'CASCO URBANO',),
(2264, 260, 'COPETILLOS',),
(2265, 260, 'EL ALGODON',),
(2266, 260, 'EL PORTILLO',),
(2267, 260, 'LA CHORRERA',),
(2268, 260, 'LAS CAÐAS',),
(2269, 260, 'LOS MOJONES',),
(2270, 260, 'PASAQUINITA',),
(2271, 260, 'SAN SEBASTIAN',),
(2272, 261, 'CASCO URBANO',),
(2273, 261, 'CENTENO',),
(2274, 261, 'EL PASTOR',),
(2275, 261, 'LOS AMATES',),
(2276, 261, 'EL SOCORRO',),
(2277, 262, 'CASCO URBANO',),
(2278, 262, 'CANDELARIA',),
(2279, 262, 'CIRICUARIO',),
(2280, 262, 'LA CAÐADA',),
(2281, 262, 'LAS MARIAS',),
(2282, 262, 'LOS HATILLOS',),
(2283, 262, 'TEPEMECHIN',),
(2284, 262, 'VALLE NUEVO',),
(2285, 262, 'EL CARMEN',),
(2286, 262, 'LAS CRUCES',);





--
-- Indices de la tabla cantones
--
ALTER TABLE cantones
  ADD PRIMARY KEY (canton_id),
  ADD KEY fk_cantones_municipio_idx (codigo_municipio);

--
-- Indices de la tabla departamento
--
ALTER TABLE departamento
  ADD PRIMARY KEY (departamento_id);

--
-- Indices de la tabla municipio
--
ALTER TABLE municipio
  ADD PRIMARY KEY (municipio_id),
  ADD KEY fk_municipio_departamento_idx (codigo_departamento);

--
-- Indices de la tabla paises
--
ALTER TABLE paises
  ADD PRIMARY KEY (nacionalidad_id);

--
-- AUTO_INCREMENT de las tablas volcadas
--

--
-- AUTO_INCREMENT de la tabla cantones
--
ALTER TABLE cantones
  MODIFY canton_id int(11) NOT NULL AUTO_INCREMENT, AUTO_INCREMENT=2287;
--
-- AUTO_INCREMENT de la tabla departamento
--
ALTER TABLE departamento
  MODIFY departamento_id int(11) NOT NULL AUTO_INCREMENT, AUTO_INCREMENT=15;
--
-- AUTO_INCREMENT de la tabla municipio
--
ALTER TABLE municipio
  MODIFY municipio_id int(11) NOT NULL AUTO_INCREMENT, AUTO_INCREMENT=263;
--
-- AUTO_INCREMENT de la tabla paises
--
ALTER TABLE paises
  MODIFY pais_id int(11) NOT NULL AUTO_INCREMENT, AUTO_INCREMENT=245;
--
-- Restricciones para tablas volcadas
--

--
-- Filtros para la tabla cantones
--
ALTER TABLE cantones
  ADD CONSTRAINT fk_cantones_municipio FOREIGN KEY (codigo_municipio) REFERENCES municipio (municipio_id) ON DELETE NO ACTION ON UPDATE NO ACTION;

--
-- Filtros para la tabla municipio
--
ALTER TABLE municipio
  ADD CONSTRAINT fk_municipio_departamento FOREIGN KEY (codigo_departamento) REFERENCES departamento (departamento_id) ON DELETE NO ACTION ON UPDATE NO ACTION;


